record_id|fiscal_year|period|category|line_item|proposer_name|seconder_name|description|source_document|source_page
KIT2-CR-2023-001|2023||Resolution|Confirmation of Minutes (30th June 2023)|Councillor Davies Kasengele|Councillor Felix Mwalimuna|Minutes confirmed as a true and correct record of proceedings|3RD-OCTOBER-2023-COUNCIL-MINUTES.docx|
KIT2-CR-2023-002|2023||Resolution|Matters Arising (Marriage Certificates)|||Management informed that the process of procuring a typewriter had started but was slow due to scarcity|3RD-OCTOBER-2023-COUNCIL-MINUTES.docx|
KIT2-CR-2023-003|2023||Resolution|Adoption of Minutes (Planning & Info Mgmt Systems - 27th July 2023)|Councillor Hachita S. Makani|Councillor Fred Chansa|Minutes adopted as part of Council proceedings|3RD-OCTOBER-2023-COUNCIL-MINUTES.docx|
KIT2-CR-2023-004|2023||Resolution|Adoption of Minutes (Agriculture - 28th July 2023)|Councillor Mbao Macmillan|Councillor Simon Kakoma|Minutes adopted as part of Council proceedings|3RD-OCTOBER-2023-COUNCIL-MINUTES.docx|
KIT2-CR-2023-005|2023||Resolution|Adoption of Minutes (Health Services - 3rd August 2023)|Councillor Joseph Katongo|Councillor Luckson Filongwe|Minutes adopted subject to inserting a resolution that AMREF Health Africa should not be allowed in the district as they were unconstitutional|3RD-OCTOBER-2023-COUNCIL-MINUTES.docx|
KIT2-CR-2023-006|2023||Resolution|Adoption of Minutes (Engineering & Infrastructure - 9th August 2023)|Councillor Manda Masoka|Councillor Silomba Charles|Minutes adopted as part of Council proceedings|3RD-OCTOBER-2023-COUNCIL-MINUTES.docx|
KIT2-CR-2023-007|2023||Resolution|Adoption of Minutes (Education Services - 17th August 2023)|Councillor Christopher Chileshe|Councillor Fewdays Kapembwa|Minutes adopted as part of Council proceedings|3RD-OCTOBER-2023-COUNCIL-MINUTES.docx|
KIT2-CR-2023-008|2023||Resolution|Adoption of Minutes (Community Development - 22nd August 2023)|Councillor Kante Hogart|Councillor Saddock Banda|Minutes adopted as part of Council proceedings|3RD-OCTOBER-2023-COUNCIL-MINUTES.docx|
KIT2-CR-2023-009|2023||Resolution|Adoption of Minutes (Planning & Info Mgmt Systems - 6th September 2023)|Councillor Hachita S. Makani|Councillor Kaputo Chibwe|Minutes adopted as part of Council proceedings|3RD-OCTOBER-2023-COUNCIL-MINUTES.docx|
KIT2-CR-2023-010|2023||Resolution|Adoption of Minutes (Audit Committee - 7th September 2023)|Councillor Evans Swaba|Councillor Francis Kabuseni|Minutes adopted as part of Council proceedings|3RD-OCTOBER-2023-COUNCIL-MINUTES.docx|
KIT2-CR-2023-011|2023||Resolution|Adoption of Minutes (Legal Services - 12th September 2023)|Councillor Bwembya Charles|Councillor Patela Clement|Minutes adopted as part of Council proceedings|3RD-OCTOBER-2023-COUNCIL-MINUTES.docx|
KIT2-CR-2023-012|2023||Resolution|Adoption of Minutes (Finance Committee - 15th September 2022)|Councillor Davies Kasengele|Councillor Felix Mwalumuna|Minutes adopted as part of Council proceedings|3RD-OCTOBER-2023-COUNCIL-MINUTES.docx|
KIT2-CR-2023-013|2023||Resolution|Upward Adjustment of Fees at Buchi Youth Vocational Training Centre|Councillor Francis Kabuseni|Councillor Hogart Kante|Upward adjustment of course fees effective January 2024 approved|3RD-OCTOBER-2023-COUNCIL-MINUTES.docx|
KIT2-CR-2023-014|2023||Resolution|Application for Land to Set Up PV Solar Panels|Councillor Francis Chileshe|Councillor Evans Swaba|Applications for land across Kafue River and off 17th Avenue approved; application for land in Garneton rejected. Nkana Water encouraged to interact with Civic leaders quarterly|3RD-OCTOBER-2023-COUNCIL-MINUTES.docx|
KIT2-CR-2023-015|2023||Resolution|Service Charges for Squatters/Settlers|||Proposed service charge and plot premium approved. Service charges for residential low, medium, and high cost squatters adjusted to K3000, K5000, and K7000 respectively. Small Holding charged at K10,000 per Hectare|3RD-OCTOBER-2023-COUNCIL-MINUTES.docx|
KIT2-CR-2023-016|2023||Resolution|Composition of Council Standing Committees|Councillor Mwango M. Alex|Councillor Davies Kasengele|Proposed composition of Council Standing Committees for the third year Civic Calendar approved|3RD-OCTOBER-2023-COUNCIL-MINUTES.docx|
KIT2-CR-2023-017|2023||Resolution|Replanning of the Zamtan Cemetery|Councillor Charles Bwambya|Councillor Mathews Chiyaka|Replanning approved. 38 plots created between 2018-2019 cancelled. Cemetery restored to 66 Hectares. Illegal occupants to vacate|3RD-OCTOBER-2023-COUNCIL-MINUTES.docx|
KIT2-CR-2023-018|2023||Resolution|Variation of the 20% Local Government Equalisation Fund for Capital Projects|Councillor Alex Mwango|Councillor Felix Mwalumuna|Variation of the 20% Local Government Equalization fund for capital projects for 2023 approved|3RD-OCTOBER-2023-COUNCIL-MINUTES.docx|
KIT2-CR-2023-019|2023||Resolution|Revocation of Regularisation of Market Stalls at Kitwe Teaching Hospital|Councillor Charles Bwambya|Councillor Mathews Chiyaka|Regularisation reversed. Applicants to be refunded K3000.00 application fees|3RD-OCTOBER-2023-COUNCIL-MINUTES.docx|
KIT2-CM-2023-020|2023||Motion|Submission of Notice of Motion by Councillor Rodgers Chanda (Luto Ward)|Councillor Rodgers Chanda|Councillor Luckson Filongwe|Motion to split Lima Zone into two zones referred to Planning and Information Management System Committee|3RD-OCTOBER-2023-COUNCIL-MINUTES.docx|
KIT2-CM-2023-021|2023||Motion|Submission of Notice of Motion by Councillor Mathews Chiyaka (Bulangililo Ward)|Councillor Mathews Chiyaka|Councillor Stephen Chingalika|Motion on revenue collection from car parks and agents referred to Finance Committee|3RD-OCTOBER-2023-COUNCIL-MINUTES.docx|
KIT2-CM-2023-022|2023||Motion|Submission of Notice of Motion by Councillor Mathews Chiyaka (Bulangililo Ward)|Councillor Mathews Chiyaka|Councillor Stephen Chingalika|Motion on modernising Mayor/Deputy Mayor parking slots referred to Engineering Committee|3RD-OCTOBER-2023-COUNCIL-MINUTES.docx|
KIT2-CM-2023-023|2023||Motion|Submission of Notice of Motion by Councillor Mathews Chiyaka (Bulangililo Ward)|Councillor Mathews Chiyaka|Councillor Stephen Chingalika|Motion on awarding staff and councillors quarterly referred to Management|3RD-OCTOBER-2023-COUNCIL-MINUTES.docx|
KIT2-CM-2023-024|2023||Motion|Submission of Notice of Motion by Councillor Mathews Chiyaka (Bulangililo Ward)|Councillor Mathews Chiyaka|Councillor Stephen Chingalika|Motion on employing casual workers for Keep Zambia Clean campaign referred to Health Services Committee|3RD-OCTOBER-2023-COUNCIL-MINUTES.docx|
KIT2-CM-2023-025|2023||Motion|Submission of Notice of Motion by Councillor Mathews Chiyaka (Bulangililo Ward)|Councillor Mathews Chiyaka|Councillor Alex M Mwango|Motion on sensitisation about garbage on local radio referred to Health Services Committee|3RD-OCTOBER-2023-COUNCIL-MINUTES.docx|
KIT2-CM-2023-026|2023||Motion|Submission of Notice of Motion by Councillor Manda Masoka (Buchi Ward)|Councillor Manda Masoka|Councillor Hogart Kante|Motion to dissolve Kitwe United Football Club executive referred to Finance Committee|3RD-OCTOBER-2023-COUNCIL-MINUTES.docx|
KIT2-CM-2023-027|2023||Motion|Submission of Notice of Motion by Councillor Damani Malama (Mindolo Ward)|Councillor Damani Malama|Councillor Mathews Chiyaka|Motion to dissolve Ward Development Committee referred to Planning and Information Management Committee|3RD-OCTOBER-2023-COUNCIL-MINUTES.docx|
KIT2-CM-2023-028|2023||Motion|Submission of Notice of Motion by Councillor Charles Silomba (Wusakile Ward)|Councillor Charles Silomba|Councillor David Phiri|Motion to confer Alderman title on Christopher Pikiti Kang'ombe and Evaristo Chilufya referred to Management|3RD-OCTOBER-2023-COUNCIL-MINUTES.docx|
KIT2-CM-2023-029|2023||Motion|Submission of Notice of Motion by Councillor Felix Malasha (Parklands Ward)|Councillor Felix Malasha|Councillor Davies Kasengele|Motion to relocate bus stop at Micmar rejected|3RD-OCTOBER-2023-COUNCIL-MINUTES.docx|
KIT2-CM-2023-030|2023||Motion|Submission of Notice of Motion by Councillor Felix Malasha (Parklands Ward)|Councillor Felix Malasha|Councillor Davies Kasengele|Motion for intervention on Plot 720 in Chimwemwe North referred to Planning and Information Management Committee|3RD-OCTOBER-2023-COUNCIL-MINUTES.docx|
KIT2-CM-2023-031|2023||Motion|Submission of Notice of Motion by Councillor Felix Malasha (Parklands Ward)|Councillor Felix Malasha|Councillor Davies Kasengele|Motion to equip Councillors with mobile tablets referred to Finance Committee|3RD-OCTOBER-2023-COUNCIL-MINUTES.docx|
KIT2-CM-2023-032|2023||Motion|Submission of Notice of Motion by Councillor Davies Kasengele (Ndeke Ward)|Councillor Davies Kasengele|Councillor Luckson Filongwe|Motion to introduce WIFI services at Civic Centre and other public places rejected|3RD-OCTOBER-2023-COUNCIL-MINUTES.docx|
KIT2-CM-2023-033|2023||Motion|Submission of Notice of Motion by Councillor Davies Kasengele (Ndeke Ward)|Councillor Davies Kasengele|Councillor Luckson Filongwe|Motion to recognise Mr Nayee Shareed with Freeman of the City Status referred to Management|3RD-OCTOBER-2023-COUNCIL-MINUTES.docx|
KIT2-CM-2023-034|2023||Motion|Submission of Notice of Motion by Councillor Davies Kasengele (Ndeke Ward)|Councillor Davies Kasengele|Councillor Luckson Filongwe|Motion to look for land for a mental hospital referred to Planning and Information Management System|3RD-OCTOBER-2023-COUNCIL-MINUTES.docx|
KIT2-CM-2023-035|2023||Motion|Submission of Notice of Motion by Councillor Davies Kasengele (Ndeke Ward)|Councillor Davies Kasengele|Councillor Luckson Filongwe|Motion for a Chamber of Commerce member on Finance Committee referred to Finance Committee|3RD-OCTOBER-2023-COUNCIL-MINUTES.docx|
KIT2-CR-2023-036|2023||Resolution|Confirmation of Minutes (4th April 2023)|Councillor Mwango M Alex|Councillor Chileshe Francis|Minutes confirmed as a true and correct record of proceedings|30TH-JUNE-2023-COUNCIL-MINUTES-copy.docx|
KIT2-CR-2023-037|2023||Resolution|Adoption of Minutes (Health Services - 5th May 2023)|Councillor Mwango M. Alex|Councillor Katongo Joseph|Minutes adopted as part of Council proceedings|30TH-JUNE-2023-COUNCIL-MINUTES-copy.docx|
KIT2-CR-2023-038|2023||Resolution|Adoption of Minutes (Education Services - 9th May 2023)|Councillor Chileshe Christoper|Councillor Chiyaka Mathews|Minutes adopted as part of Council proceedings|30TH-JUNE-2023-COUNCIL-MINUTES-copy.docx|
KIT2-CR-2023-039|2023||Resolution|Adoption of Minutes (Agriculture - 9th May 2023)|Councillor Mbao Macmillan|Councillor Mary Zimba|Minutes adopted as part of Council proceedings|30TH-JUNE-2023-COUNCIL-MINUTES-copy.docx|
KIT2-CR-2023-040|2023||Resolution|Adoption of Minutes (Planning & Info Mgmt Systems - 11th May 2023)|Councillor Makani S. Hachita|Councillor Chansa Fred|Minutes adopted as part of Council proceedings|30TH-JUNE-2023-COUNCIL-MINUTES-copy.docx|
KIT2-CR-2023-041|2023||Resolution|Adoption of Minutes (Engineering & Infrastructure - 16th May 2023)|Councillor Manda Masoka|Councillor Silomba Charles|Minutes adopted as part of Council proceedings|30TH-JUNE-2023-COUNCIL-MINUTES-copy.docx|
KIT2-CR-2023-042|2023||Resolution|Adoption of Minutes (Community Development - 23rd May 2023)|Councillor Kante Hogart|Councillor Muwowo Kelly|Minutes adopted as part of Council proceedings|30TH-JUNE-2023-COUNCIL-MINUTES-copy.docx|
KIT2-CR-2023-043|2023||Resolution|Adoption of Minutes (Legal Services - 13th June 2023)|Councillor Bwembya Charles|Councillor Patela Clement|Minutes adopted subject to correcting CEC wayleave S12 to read as CEC wayleave S129|30TH-JUNE-2023-COUNCIL-MINUTES-copy.docx|
KIT2-CR-2023-044|2023||Resolution|Adoption of Minutes (Planning & Info Mgmt Systems - 13th June 2023)|Councillor Makani S Hachita|Councillor Fred Chansa|Minutes adopted subject to disapproving an application in Ndeke Sub A and referring replanning of land in Itimpi back to committee|30TH-JUNE-2023-COUNCIL-MINUTES-copy.docx|
KIT2-CR-2023-045|2023||Resolution|Adoption of Minutes (Auditing Committee - 15th June 2023)|Councillor Swaba Evans|Councillor Rodgers Chanda|Minutes adopted as part of Council proceedings|30TH-JUNE-2023-COUNCIL-MINUTES-copy.docx|
KIT2-CR-2023-046|2023||Resolution|Adoption of Minutes (Finance Committee - 20th June 2022)|Councillor Mwalumuna Felix|Councillor Muposhi Katai|Minutes adopted as part of Council proceedings|30TH-JUNE-2023-COUNCIL-MINUTES-copy.docx|
KIT2-CR-2023-047|2023||Resolution|Matters Arising (Mapili and Buchi Stadiums)|||Town Clerk submitted action taken: letter of authority was written to the Ministry of Local Government and Rural Development|30TH-JUNE-2023-COUNCIL-MINUTES-copy.docx|
KIT2-CR-2023-048|2023||Resolution|Resolution of Council into Committee|Councillor Kabuseni Francis|Councillor Kante Hogart|Council resolved itself into a Committee of the whole Council|30TH-JUNE-2023-COUNCIL-MINUTES-copy.docx|
KIT2-CR-2023-049|2023||Resolution|Replanning of 100 Hectares of Land in Kafue Park|Councillor Mwango M Alex|Councillor Bwembya Charles|Replanning approved: 75% large scale commercial/industrial, 25% high-cost residential. Process to be expedited|30TH-JUNE-2023-COUNCIL-MINUTES-copy.docx|
KIT2-CR-2023-050|2023||Resolution|Cancellation of Plots Created in Ndeke Presidential Area|Councillor Kabuseni Francis|Councillor Felix Malasha|Cancellation of 85 plots approved|30TH-JUNE-2023-COUNCIL-MINUTES-copy.docx|
KIT2-CR-2023-051|2023||Resolution|Application for Subdivision of Sub H21 of Farm 840|Councillor Damani Malama|Councillor Mwewa Brian|Application approved|30TH-JUNE-2023-COUNCIL-MINUTES-copy.docx|
KIT2-CR-2023-052|2023||Resolution|Reversion to Open Session|Councillor Mbao Macmillan|Councillor Bwembya Charles|Council reverted to open session and adopted proceedings of the Council in Committee|30TH-JUNE-2023-COUNCIL-MINUTES-copy.docx|
KIT2-CR-2023-053|2023||Resolution|Confirmation of Minutes (23rd December 2022)|Councillor Mwango M Alex|Councillor Fred Chansa|Minutes confirmed as a true and correct record of proceedings|COUNCIL-MINUTES-4TH-APRIL-2023.docx|
KIT2-CR-2023-054|2023||Resolution|Adoption of Minutes (Education Services - 18th January 2023)|Councillor Chileshe Christoper|Councillor Chiyaka Mathews|Minutes adopted as part of Council proceedings|COUNCIL-MINUTES-4TH-APRIL-2023.docx|
KIT2-CR-2023-055|2023||Resolution|Adoption of Minutes (Planning & Info Mgmt Systems - 25th January 2023)|Councillor Makani S. Hachita|Councillor Chansa Fred|Minutes adopted as part of Council proceedings|COUNCIL-MINUTES-4TH-APRIL-2023.docx|
KIT2-CR-2023-056|2023||Resolution|Adoption of Minutes (Agriculture - 26th January 2023)|Councillor Mbao Macmillan|Councillor Mary Zimba|Minutes adopted as part of Council proceedings|COUNCIL-MINUTES-4TH-APRIL-2023.docx|
KIT2-CR-2023-057|2023||Resolution|Adoption of Minutes (Health Services - 31st January 2023)|Councillor Mwango M. Alex|Councillor Chingalika Stephen|Minutes adopted as part of Council proceedings|COUNCIL-MINUTES-4TH-APRIL-2023.docx|
KIT2-CR-2023-058|2023||Resolution|Adoption of Minutes (Engineering & Infrastructure - 9th February 2023)|Councillor Manda Masoka|Councillor Silomba Charles|Minutes adopted as part of Council proceedings|COUNCIL-MINUTES-4TH-APRIL-2023.docx|
KIT2-CR-2023-059|2023||Resolution|Adoption of Minutes (Community Development - 21st February 2023)|Councillor Kante Hogart|Councillor Banda Saddock|Minutes adopted as part of Council proceedings|COUNCIL-MINUTES-4TH-APRIL-2023.docx|
KIT2-CR-2023-060|2023||Resolution|Adoption of Minutes (Human Resource & Admin - 24th February 2023)|Councillor Kakoma Simon|Councillor Filongwe Luckson|Minutes adopted as part of Council proceedings|COUNCIL-MINUTES-4TH-APRIL-2023.docx|
KIT2-CR-2023-061|2023||Resolution|Adoption of Minutes (Planning & Info Mgmt Systems - 16th March 2023)|Councillor Makani S Hachita|Councillor Kaputo Chibwe|Minutes adopted subject to deferring planning permission for Stand No 721 and approving revocation of planning permission for Ms Theresa Bupe|COUNCIL-MINUTES-4TH-APRIL-2023.docx|
KIT2-CR-2023-062|2023||Resolution|Adoption of Minutes (Auditing Committee - 9th March 2023)|Councillor Swaba Evans|Councillor Kabuseni Francis|Minutes adopted as part of Council proceedings|COUNCIL-MINUTES-4TH-APRIL-2023.docx|
KIT2-CR-2023-063|2023||Resolution|Adoption of Minutes (Legal Services - 17th March 2023)|Councillor Bwembya Charles|Her Worship the Mayor Ms Mwaya Mpasa|Minutes adopted subject to amending names under the Ndeke Presidential allocation list|COUNCIL-MINUTES-4TH-APRIL-2023.docx|
KIT2-CR-2023-064|2023||Resolution|Adoption of Minutes (Finance Committee - 20th March 2022)|Councillor Chileshe Francis|Councillor Muposhi Katai|Minutes adopted subject to deferring the application by Mr Prince Munyati|COUNCIL-MINUTES-4TH-APRIL-2023.docx|
KIT2-CR-2023-065|2023||Resolution|Adoption of the Kitwe District Integrated Development Plan|Councillor Kabuseni Francis|Councillor Chileshe Francis|IDP adopted for 10 years. A workshop to be conducted for Civic Leaders to preview it|COUNCIL-MINUTES-4TH-APRIL-2023.docx|
KIT2-CR-2023-066|2023||Resolution|Revocation of Planning Permission for Jamamu Zambia Limited on Stand 212 in Buchi|Councillor Bwembya Charles|Councillor Francis Chileshe|Revocation of planning permission approved|COUNCIL-MINUTES-4TH-APRIL-2023.docx|
KIT2-CR-2023-067|2023||Resolution|Application for Land Development Fund in Excess of K3,607,000|Councillor Kasengele Davies|Councillor Kante Hogart|Application ratified|COUNCIL-MINUTES-4TH-APRIL-2023.docx|
KIT2-CR-2023-068|2023||Resolution|Expansion and Modernisation of Kitwe Main Bus Station|Councillor Kante Hogart|Councillor Mwalumuna Felix|Expansion approved. Council tenants and occupants of makeshift structures given 3 months notice. Mr David Chibamba to be given alternative plot|COUNCIL-MINUTES-4TH-APRIL-2023.docx|
KIT2-CR-2023-069|2023||Resolution|Incorporation of Human Resource Committee Members into Other Standing Committees|Councillor Mwango M. Alex|Councillor Muposhi Katai|Incorporation of members approved as indicated in the table|COUNCIL-MINUTES-4TH-APRIL-2023.docx|
KIT2-CR-2023-070|2023||Resolution|Normalization of Role of Kitwe City Council in the Development of the Kitwe Industrial Yard|Councillor Kasengele Davies|Councillor Filongwe Luckson|Normalization of role approved|COUNCIL-MINUTES-4TH-APRIL-2023.docx|
KIT2-CR-2023-071|2023||Resolution|Design Construct Finance Operate and Lease Model for Mapili and Buchi Stadiums Cardet Hostels and Buchi Hotel|Councillor Kabuseni Francis|Councillor Swaba Evans|EOI approved for Mapili Stadium Buchi Stadium Cardet Hostels for 13 years. Matter for Buchi Hotel deferred to Finance Committee|COUNCIL-MINUTES-4TH-APRIL-2023.docx|
KIT2-CR-2023-072|2023||Resolution|Proposal by Copperfield Mining Services Ltd to Rehabilitate Freedom Park|Councillor Mwando M. Alex|Councillor Kante Hogart|Copperfield to make full payment of ZMK 3.4 million within 3 months. Building permissions revoked until payment is made|COUNCIL-MINUTES-4TH-APRIL-2023.docx|
KIT2-CR-2023-073|2023||Resolution|Review of Proposed Extension of the NAPSA Complex Land|Councillor Kasengele Davies|Councillor Muposhi Katai|Land proposed for extension to be reserved for other investments|COUNCIL-MINUTES-4TH-APRIL-2023.docx|
KIT2-CM-2023-074|2023||Motion|Submission of Notice of Motion by Councillor Simon Kakoma (Itimpi Ward)|Councillor Chiyaka Mathews|Councillor Kapembwa Fewdays|Motion for more General Workers referred to appropriate Committee|COUNCIL-MINUTES-4TH-APRIL-2023.docx|
KIT2-CM-2023-075|2023||Motion|Submission of Notice of Motion by Councillor Kapembwa Fewdays (Kamatipa Ward)|Councillor Mwalumuna Felix|Councillor Francis Kabuseni|Motion to expel Mr George Kasakula from WDC referred to appropriate Committee|COUNCIL-MINUTES-4TH-APRIL-2023.docx|
KIT2-CM-2023-076|2023||Motion|Submission of Notice of Motion by Councillor Filongwe Luckson (Limaposa Ward)|Councillor Kante Hogart|Councillor Swaba Evans|Motion to expel WDC Treasurer and Vice Chairman referred to appropriate Committee|COUNCIL-MINUTES-4TH-APRIL-2023.docx|
KIT2-CM-2023-077|2023||Motion|Submission of Notice of Motion by Councillor Kasengele Daves (Ndeke Ward)|Councillor Kabuseni Francis|Councillor Kaputo Chibwe|Motion for quarterly assessment of departments referred to appropriate Committee|COUNCIL-MINUTES-4TH-APRIL-2023.docx|
KIT2-CM-2023-078|2023||Motion|Submission of Notice of Motion by Councillor Malasha Felix (Parklands Ward)|Councillor Chanda Rodgers|Councillor Muposhi Katai|Motion for each Ward to purchase a Tractor and Trailer referred to appropriate Committee|COUNCIL-MINUTES-4TH-APRIL-2023.docx|
KIT2-CM-2023-079|2023||Motion|Submission of Notice of Motion by Councillor Malasha Felix (Parklands Ward)|Councillor Mwalumuna Felix|Councillor Muposhi Katai|Motion to engage recycling companies on dump site land referred to appropriate Committee|COUNCIL-MINUTES-4TH-APRIL-2023.docx|
KIT2-CM-2023-080|2023||Motion|Submission of Notice of Motion by Councillor Manda Masoka (Buchi Ward)|||Motion to repossess land from Jamamu Company was withdrawn by the mover|COUNCIL-MINUTES-4TH-APRIL-2023.docx|
KIT2-CM-2023-081|2023||Motion|Submission of Notice of Motion by Councillor Malasha Felix (Parklands Ward)|Councillor Malasha Felix|Councillor Chingalika Stephen|Motion for a specific design for shops along Kwacha Road referred to appropriate Committee|COUNCIL-MINUTES-4TH-APRIL-2023.docx|
KIT2-CM-2023-082|2023||Motion|Submission of Notice of Motion by Councillor Malasha Felix (Parklands Ward)|Councillor Manda Masoka|Councillor Kante Horgart|Motion to secure land for an ablution block along Kwacha Road referred to appropriate Committee|COUNCIL-MINUTES-4TH-APRIL-2023.docx|
KIT2-CM-2023-083|2023||Motion|Submission of Notice of Motion by Councillor Chiyaka Mathews (Bulangililo Ward)|Councillor Kaputo Chibwe|Councillor Muposhi Katai|Motion for institutions to subscribe to Solid Waste Management Companies referred to appropriate Committee|COUNCIL-MINUTES-4TH-APRIL-2023.docx|
KIT2-CM-2023-084|2023||Motion|Submission of Notice of Motion by Councillor Chiyaka Mathews (Bulangililo Ward)|Councillor Mwalumuna Felix|Councillor Muposhi Katai|Motion to co-opt officials from Nkana Water ZESCO and Churches to committees referred to appropriate Committee|COUNCIL-MINUTES-4TH-APRIL-2023.docx|
KIT2-CP-2025-085|2025||Submission|Submissions by the Department of Development Planning|||Department spearheads CDF and CFW initiatives. CFW currently suspended. KCC aligning IDPs to 8NDP for inclusivity|STAKEHOLDERS-MEETING-MINUTUES-PERSON-WITH-DISABILITIES.pdf|
KIT2-CP-2025-086|2025||Discussion|Plenary Discussions and Key Issues Raised - Accessibility Challenges|||Participants raised concerns about lack of accessibility features in new infrastructure including for hearing visual and physical impairments|STAKEHOLDERS-MEETING-MINUTUES-PERSON-WITH-DISABILITIES.pdf|
KIT2-CP-2025-087|2025||Recommendation|Key Requests and Recommendations|||Requests include: multipurpose hall 5-10% of council works reserved for PWDs trading spaces affirmative action in land allocation CDF quotas braille forms and accessible public information|STAKEHOLDERS-MEETING-MINUTUES-PERSON-WITH-DISABILITIES.pdf|
KIT2-CP-2025-088|2025||Closing|Conclusion and Closing Remarks|||Assistant Director thanked participants and noted the deliberations would be reported to management|STAKEHOLDERS-MEETING-MINUTUES-PERSON-WITH-DISABILITIES.pdf|
