record_id|fiscal_year|category|line_item|budget_amount_zmw|budget_year_label|source_document|source_page
KIT2-BR-2023-089|2023|Revenue|Local taxes/rates - Residential|6940151.0|2023 Approved Budget|Budget-Estimates-2023.pdf|
KIT2-BR-2023-090|2023|Revenue|Industrial/Commercial|23729094.0|2023 Approved Budget|Budget-Estimates-2023.pdf|
KIT2-BR-2023-091|2023|Revenue|Mining/Plant|64402980.0|2023 Approved Budget|Budget-Estimates-2023.pdf|
KIT2-BR-2023-092|2023|Revenue|Personal levy|150000.0|2023 Approved Budget|Budget-Estimates-2023.pdf|
KIT2-BR-2023-093|2023|Revenue|Fees and Charges - Consent fees|100000.0|2023 Approved Budget|Budget-Estimates-2023.pdf|
KIT2-BR-2023-094|2023|Revenue|Survey fees|816000.0|2023 Approved Budget|Budget-Estimates-2023.pdf|
KIT2-BR-2023-095|2023|Revenue|Building inspection-fees|986000.0|2023 Approved Budget|Budget-Estimates-2023.pdf|
KIT2-BR-2023-096|2023|Revenue|Plan scrutiny fee|1545000.0|2023 Approved Budget|Budget-Estimates-2023.pdf|
KIT2-BR-2023-097|2023|Revenue|Change of premise use|155000.0|2023 Approved Budget|Budget-Estimates-2023.pdf|
KIT2-BR-2023-098|2023|Revenue|Container/Ntemba fees|696000.0|2023 Approved Budget|Budget-Estimates-2023.pdf|
KIT2-BR-2023-099|2023|Revenue|Rentals/lease of Council's properties|1700000.0|2023 Approved Budget|Budget-Estimates-2023.pdf|
KIT2-BR-2023-100|2023|Revenue|Application forms fees|335740.0|2023 Approved Budget|Budget-Estimates-2023.pdf|
KIT2-BR-2023-101|2023|Revenue|Rentals from houses|153000.0|2023 Approved Budget|Budget-Estimates-2023.pdf|
KIT2-BR-2023-102|2023|Revenue|Sketch plan|9900.0|2023 Approved Budget|Budget-Estimates-2023.pdf|
KIT2-BR-2023-103|2023|Revenue|Search fees|94800.0|2023 Approved Budget|Budget-Estimates-2023.pdf|
KIT2-BR-2023-104|2023|Revenue|Market fees|5713548.0|2023 Approved Budget|Budget-Estimates-2023.pdf|
KIT2-BR-2023-105|2023|Revenue|Parking fees|896440.0|2023 Approved Budget|Budget-Estimates-2023.pdf|
KIT2-BR-2023-106|2023|Revenue|Bus station fees|5218495.0|2023 Approved Budget|Budget-Estimates-2023.pdf|
KIT2-BR-2023-107|2023|Revenue|Hire of halls|66600.0|2023 Approved Budget|Budget-Estimates-2023.pdf|
KIT2-BR-2023-108|2023|Revenue|Grave reservation|4537235.0|2023 Approved Budget|Budget-Estimates-2023.pdf|
KIT2-BR-2023-109|2023|Revenue|Course fees|1384503.0|2023 Approved Budget|Budget-Estimates-2023.pdf|
KIT2-BR-2023-110|2023|Revenue|Refuse disposal|1143400.0|2023 Approved Budget|Budget-Estimates-2023.pdf|
KIT2-BR-2023-111|2023|Revenue|Library membership fees|43416.0|2023 Approved Budget|Budget-Estimates-2023.pdf|
KIT2-BR-2023-112|2023|Revenue|Notice of marriage fees|873000.0|2023 Approved Budget|Budget-Estimates-2023.pdf|
KIT2-BR-2023-113|2023|Revenue|Vendor Fees|105000.0|2023 Approved Budget|Budget-Estimates-2023.pdf|
KIT2-BR-2023-114|2023|Revenue|Communication mast levy|400000.0|2023 Approved Budget|Budget-Estimates-2023.pdf|
KIT2-BR-2023-115|2023|Revenue|Illegal Parking of vehicles|144000.0|2023 Approved Budget|Budget-Estimates-2023.pdf|
KIT2-BR-2023-116|2023|Revenue|Repairs of cars/garage/car wash levies|115000.0|2023 Approved Budget|Budget-Estimates-2023.pdf|
KIT2-BR-2023-117|2023|Revenue|Billboards and banners|2547800.0|2023 Approved Budget|Budget-Estimates-2023.pdf|
KIT2-BR-2023-118|2023|Revenue|Penalties|261000.0|2023 Approved Budget|Budget-Estimates-2023.pdf|
KIT2-BR-2023-119|2023|Revenue|Medical fees|120000.0|2023 Approved Budget|Budget-Estimates-2023.pdf|
KIT2-BR-2023-120|2023|Revenue|Other fees and charges|5934152.0|2023 Approved Budget|Budget-Estimates-2023.pdf|
KIT2-BR-2023-121|2023|Revenue|Licenses - Liquor licence|259200.0|2023 Approved Budget|Budget-Estimates-2023.pdf|
KIT2-BR-2023-122|2023|Revenue|Firearm and ammunition licence|90000.0|2023 Approved Budget|Budget-Estimates-2023.pdf|
KIT2-BR-2023-123|2023|Revenue|Occupancy licence|259200.0|2023 Approved Budget|Budget-Estimates-2023.pdf|
KIT2-BR-2023-124|2023|Revenue|Other licences|200000.0|2023 Approved Budget|Budget-Estimates-2023.pdf|
KIT2-BR-2023-125|2023|Revenue|Levies - Pole levy|10000.0|2023 Approved Budget|Budget-Estimates-2023.pdf|
KIT2-BR-2023-126|2023|Revenue|Quarry levy|10000.0|2023 Approved Budget|Budget-Estimates-2023.pdf|
KIT2-BR-2023-127|2023|Revenue|Business Levy|5777006.0|2023 Approved Budget|Budget-Estimates-2023.pdf|
KIT2-BR-2023-128|2023|Revenue|Permits - Health permits|4826500.0|2023 Approved Budget|Budget-Estimates-2023.pdf|
KIT2-BR-2023-129|2023|Revenue|Fire certificate|4159750.0|2023 Approved Budget|Budget-Estimates-2023.pdf|
KIT2-BR-2023-130|2023|Revenue|Extension of business hours permits|54000.0|2023 Approved Budget|Budget-Estimates-2023.pdf|
KIT2-BR-2023-131|2023|Revenue|Other permits|2100000.0|2023 Approved Budget|Budget-Estimates-2023.pdf|
KIT2-BR-2023-132|2023|Revenue|Charges - Service Charges – Residential plots|6875000.0|2023 Approved Budget|Budget-Estimates-2023.pdf|
KIT2-BR-2023-133|2023|Revenue|Lease Charges|45000.0|2023 Approved Budget|Budget-Estimates-2023.pdf|
KIT2-BR-2023-134|2023|Revenue|National Support (Grants) - Special Grants|28283035.0|2023 Approved Budget|Budget-Estimates-2023.pdf|
KIT2-BR-2023-135|2023|Revenue|Local Development Fund - Constituency Development Fund|141569510.0|2023 Approved Budget|Budget-Estimates-2023.pdf|
KIT2-BR-2026-185|2026|Revenue|Occupancy licence|750000.0|2026 Approved Budget|2026-budget-Kitwe-City-Council-amended-Final.pdf|
KIT2-BR-2026-186|2026|Revenue|Liquor licence|329600.0|2026 Approved Budget|2026-budget-Kitwe-City-Council-amended-Final.pdf|
KIT2-BR-2026-187|2026|Revenue|Firearm and ammunition licence|105000.0|2026 Approved Budget|2026-budget-Kitwe-City-Council-amended-Final.pdf|
KIT2-BR-2026-188|2026|Revenue|Petroleum Storage licence|646200.0|2026 Approved Budget|2026-budget-Kitwe-City-Council-amended-Final.pdf|
KIT2-BR-2026-189|2026|Revenue|Dog licence|30500.0|2026 Approved Budget|2026-budget-Kitwe-City-Council-amended-Final.pdf|
KIT2-BR-2026-190|2026|Revenue|Other Licences|166665.0|2026 Approved Budget|2026-budget-Kitwe-City-Council-amended-Final.pdf|
KIT2-BR-2026-191|2026|Revenue|Livestock Movement levy|542442.0|2026 Approved Budget|2026-budget-Kitwe-City-Council-amended-Final.pdf|
KIT2-BR-2026-192|2026|Revenue|Pole levy|6600.0|2026 Approved Budget|2026-budget-Kitwe-City-Council-amended-Final.pdf|
KIT2-BR-2026-193|2026|Revenue|Charcoal levy|90000.0|2026 Approved Budget|2026-budget-Kitwe-City-Council-amended-Final.pdf|
KIT2-BR-2026-194|2026|Revenue|Quarry levy|10000.0|2026 Approved Budget|2026-budget-Kitwe-City-Council-amended-Final.pdf|
KIT2-BR-2026-195|2026|Revenue|Telecommunication Mast|518000.0|2026 Approved Budget|2026-budget-Kitwe-City-Council-amended-Final.pdf|
KIT2-BR-2026-196|2026|Revenue|Trading (Wholesale) Business Levy|339996.0|2026 Approved Budget|2026-budget-Kitwe-City-Council-amended-Final.pdf|
KIT2-BR-2026-197|2026|Revenue|Trading (Retail) Consumable groceries business|6722300.0|2026 Approved Budget|2026-budget-Kitwe-City-Council-amended-Final.pdf|
KIT2-BR-2026-198|2026|Revenue|Retail Merchants non- consumable business|444448.0|2026 Approved Budget|2026-budget-Kitwe-City-Council-amended-Final.pdf|
KIT2-BR-2026-199|2026|Revenue|Trading (Retail) chain stores and supermarkets|66668.0|2026 Approved Budget|2026-budget-Kitwe-City-Council-amended-Final.pdf|
KIT2-BR-2026-200|2026|Revenue|Manufacturing|666600.0|2026 Approved Budget|2026-budget-Kitwe-City-Council-amended-Final.pdf|
KIT2-BR-2026-201|2026|Revenue|Trading (Retail) Automobiles|222224.0|2026 Approved Budget|2026-budget-Kitwe-City-Council-amended-Final.pdf|
KIT2-BR-2026-202|2026|Revenue|Theatre's and cinematography|6666.0|2026 Approved Budget|2026-budget-Kitwe-City-Council-amended-Final.pdf|
KIT2-BR-2026-203|2026|Revenue|Filling Station|846200.0|2026 Approved Budget|2026-budget-Kitwe-City-Council-amended-Final.pdf|
KIT2-BR-2026-204|2026|Revenue|Professional Occupation|549810.0|2026 Approved Budget|2026-budget-Kitwe-City-Council-amended-Final.pdf|
KIT2-BR-2026-205|2026|Revenue|Car Wash|222500.0|2026 Approved Budget|2026-budget-Kitwe-City-Council-amended-Final.pdf|
KIT2-BR-2026-206|2026|Revenue|Hospitality|366663.0|2026 Approved Budget|2026-budget-Kitwe-City-Council-amended-Final.pdf|
KIT2-BR-2026-207|2026|Revenue|Commercial Banks|180000.0|2026 Approved Budget|2026-budget-Kitwe-City-Council-amended-Final.pdf|
KIT2-BR-2026-208|2026|Revenue|Micro-Finance and Money- Lenders|453332.0|2026 Approved Budget|2026-budget-Kitwe-City-Council-amended-Final.pdf|
KIT2-BR-2026-209|2026|Revenue|Health permits|4512000.0|2026 Approved Budget|2026-budget-Kitwe-City-Council-amended-Final.pdf|
KIT2-BR-2026-210|2026|Revenue|Burial permits and grave sites|6360685.0|2026 Approved Budget|2026-budget-Kitwe-City-Council-amended-Final.pdf|
KIT2-BR-2026-211|2026|Revenue|Fire certificate|6899000.0|2026 Approved Budget|2026-budget-Kitwe-City-Council-amended-Final.pdf|
KIT2-BR-2026-212|2026|Revenue|Extension of Business hours permits|240000.0|2026 Approved Budget|2026-budget-Kitwe-City-Council-amended-Final.pdf|
KIT2-BR-2026-213|2026|Revenue|Service Charges Residential plots|5955000.0|2026 Approved Budget|2026-budget-Kitwe-City-Council-amended-Final.pdf|
KIT2-BR-2026-214|2026|Revenue|Lease Charges|30000.0|2026 Approved Budget|2026-budget-Kitwe-City-Council-amended-Final.pdf|
KIT2-BR-2026-215|2026|Revenue|Land Application Charges|250000.0|2026 Approved Budget|2026-budget-Kitwe-City-Council-amended-Final.pdf|
KIT2-BR-2026-216|2026|Revenue||242223.0|2026 Approved Budget|2026-budget-Kitwe-City-Council-amended-Final.pdf|
KIT2-BR-2026-217|2026|Revenue|Donations|10000.0|2026 Approved Budget|2026-budget-Kitwe-City-Council-amended-Final.pdf|
KIT2-BR-2026-218|2026|Revenue|Other Income|1000000.0|2026 Approved Budget|2026-budget-Kitwe-City-Council-amended-Final.pdf|
KIT2-BR-2026-219|2026|Revenue|Constituency Development Fund|200162749.0|2026 Approved Budget|2026-budget-Kitwe-City-Council-amended-Final.pdf|
KIT2-BR-2026-220|2026|Revenue|Roads Grant|3200857.0|2026 Approved Budget|2026-budget-Kitwe-City-Council-amended-Final.pdf|
KIT2-BR-2026-221|2026|Revenue|Health Grant|13136429.0|2026 Approved Budget|2026-budget-Kitwe-City-Council-amended-Final.pdf|
KIT2-BR-2026-222|2026|Revenue|Local Government Equalisation Fund|28133931.0|2026 Approved Budget|2026-budget-Kitwe-City-Council-amended-Final.pdf|
KIT2-BR-2026-223|2026|Revenue|Other Grants|27988737.0|2026 Approved Budget|2026-budget-Kitwe-City-Council-amended-Final.pdf|
KIT2-BR-2025-294|2025|Revenue|Residential|9833906.0|2025 Approved Budget|Approved-Budget-2025.pdf|
KIT2-BR-2025-295|2025|Revenue|Commercial|19245358.0|2025 Approved Budget|Approved-Budget-2025.pdf|
KIT2-BR-2025-296|2025|Revenue|Industrial|11778640.0|2025 Approved Budget|Approved-Budget-2025.pdf|
KIT2-BR-2025-297|2025|Revenue|Hospitality|678119.0|2025 Approved Budget|Approved-Budget-2025.pdf|
KIT2-BR-2025-298|2025|Revenue|Mining/Plant|79231834.0|2025 Approved Budget|Approved-Budget-2025.pdf|
KIT2-BR-2025-299|2025|Revenue|Power transmission|7172753.0|2025 Approved Budget|Approved-Budget-2025.pdf|
KIT2-BR-2025-300|2025|Revenue|Plant and Machinery|40474705.0|2025 Approved Budget|Approved-Budget-2025.pdf|
KIT2-BR-2025-301|2025|Revenue|Personal levy|199995.0|2025 Approved Budget|Approved-Budget-2025.pdf|
KIT2-BR-2025-302|2025|Revenue|Consent fees|75000.0|2025 Approved Budget|Approved-Budget-2025.pdf|
KIT2-BR-2025-303|2025|Revenue|Survey fees|295000.0|2025 Approved Budget|Approved-Budget-2025.pdf|
KIT2-BR-2025-304|2025|Revenue|Building inspection-fees|324500.0|2025 Approved Budget|Approved-Budget-2025.pdf|
KIT2-BR-2025-305|2025|Revenue|Plan scrutiny fee|967500.0|2025 Approved Budget|Approved-Budget-2025.pdf|
KIT2-BR-2025-306|2025|Revenue|Change of premise use|857500.0|2025 Approved Budget|Approved-Budget-2025.pdf|
KIT2-BR-2025-307|2025|Revenue|Container/Ntemba fees|300000.0|2025 Approved Budget|Approved-Budget-2025.pdf|
KIT2-BR-2025-308|2025|Revenue|Rentals/lease of Council's properties|1869060.0|2025 Approved Budget|Approved-Budget-2025.pdf|
KIT2-BR-2025-309|2025|Revenue|Non-Land Application forms fees|152250.0|2025 Approved Budget|Approved-Budget-2025.pdf|
KIT2-BR-2025-310|2025|Revenue|Rentals from houses|257400.0|2025 Approved Budget|Approved-Budget-2025.pdf|
KIT2-BR-2025-311|2025|Revenue|Sketch plan|10000.0|2025 Approved Budget|Approved-Budget-2025.pdf|
KIT2-BR-2025-312|2025|Revenue|Search fees|208500.0|2025 Approved Budget|Approved-Budget-2025.pdf|
KIT2-BR-2025-313|2025|Revenue|Notice board advert fees|87000.0|2025 Approved Budget|Approved-Budget-2025.pdf|
KIT2-BR-2025-314|2025|Revenue|Market fees|4469462.0|2025 Approved Budget|Approved-Budget-2025.pdf|
KIT2-BR-2025-315|2025|Revenue|Parking fees|890600.0|2025 Approved Budget|Approved-Budget-2025.pdf|
KIT2-BR-2025-316|2025|Revenue|Loading fees (buses trucks trains taxies etc.)|6177608.0|2025 Approved Budget|Approved-Budget-2025.pdf|
KIT2-BR-2025-317|2025|Revenue|Hire of halls|72600.0|2025 Approved Budget|Approved-Budget-2025.pdf|
KIT2-BR-2025-318|2025|Revenue|Grave reservation|135200.0|2025 Approved Budget|Approved-Budget-2025.pdf|
KIT2-BR-2025-319|2025|Revenue|Education fees|3285500.0|2025 Approved Budget|Approved-Budget-2025.pdf|
KIT2-BR-2025-320|2025|Revenue|Refuse disposal|358200.0|2025 Approved Budget|Approved-Budget-2025.pdf|
KIT2-BR-2025-321|2025|Revenue|Home craft registration fee / club membership|240000.0|2025 Approved Budget|Approved-Budget-2025.pdf|
KIT2-BR-2025-322|2025|Revenue|Library membership fees|43872.0|2025 Approved Budget|Approved-Budget-2025.pdf|
KIT2-BR-2025-323|2025|Revenue|Franchise fees|216000.0|2025 Approved Budget|Approved-Budget-2025.pdf|
KIT2-BR-2025-324|2025|Revenue|Notice of marriage fees|1197000.0|2025 Approved Budget|Approved-Budget-2025.pdf|
KIT2-BR-2025-325|2025|Revenue|Illegal Paring of vehicles|240000.0|2025 Approved Budget|Approved-Budget-2025.pdf|
KIT2-BR-2025-326|2025|Revenue|Repairs of cars/garage/car wash|108000.0|2025 Approved Budget|Approved-Budget-2025.pdf|
KIT2-BR-2025-327|2025|Revenue|Billboards and banners|1597800.0|2025 Approved Budget|Approved-Budget-2025.pdf|
KIT2-BR-2025-328|2025|Revenue|Penalties|304035.0|2025 Approved Budget|Approved-Budget-2025.pdf|
KIT2-BR-2025-329|2025|Revenue|Ablution Fee|3440940.0|2025 Approved Budget|Approved-Budget-2025.pdf|
KIT2-BR-2025-330|2025|Revenue|Laboratory charges|48000.0|2025 Approved Budget|Approved-Budget-2025.pdf|
KIT2-BR-2025-331|2025|Revenue|Erection of Tombstone|150000.0|2025 Approved Budget|Approved-Budget-2025.pdf|
KIT2-BR-2025-332|2025|Revenue|Consultation Clinic fees|540000.0|2025 Approved Budget|Approved-Budget-2025.pdf|
KIT2-BR-2025-333|2025|Revenue|Other fees and charges|1887200.0|2025 Approved Budget|Approved-Budget-2025.pdf|
KIT2-BR-2025-334|2025|Revenue|Occupancy licence|600000.0|2025 Approved Budget|Approved-Budget-2025.pdf|
KIT2-BR-2025-335|2025|Revenue|Liquor licence|129600.0|2025 Approved Budget|Approved-Budget-2025.pdf|
KIT2-BR-2025-336|2025|Revenue|Firearm and ammunition licence|105000.0|2025 Approved Budget|Approved-Budget-2025.pdf|
KIT2-BR-2025-337|2025|Revenue|Petroleum Storage licence|758000.0|2025 Approved Budget|Approved-Budget-2025.pdf|
KIT2-BR-2025-338|2025|Revenue|Dog licence|55500.0|2025 Approved Budget|Approved-Budget-2025.pdf|
KIT2-BR-2025-339|2025|Revenue|Other Licences|174090.0|2025 Approved Budget|Approved-Budget-2025.pdf|
KIT2-BR-2025-340|2025|Revenue|Livestock Movement levy|564866.0|2025 Approved Budget|Approved-Budget-2025.pdf|
KIT2-BR-2025-341|2025|Revenue|Pole levy|10000.0|2025 Approved Budget|Approved-Budget-2025.pdf|
KIT2-BR-2025-342|2025|Revenue|Charcoal levy|90000.0|2025 Approved Budget|Approved-Budget-2025.pdf|
KIT2-BR-2025-343|2025|Revenue|Quarry levy|10000.0|2025 Approved Budget|Approved-Budget-2025.pdf|
KIT2-BR-2025-344|2025|Revenue|Telecommunication Mast|428000.0|2025 Approved Budget|Approved-Budget-2025.pdf|
KIT2-BR-2025-345|2025|Revenue|Trading (Wholesale) Business Levy|312500.0|2025 Approved Budget|Approved-Budget-2025.pdf|
KIT2-BR-2025-346|2025|Revenue|Trading (Retail) Consumable groceries business|5466238.0|2025 Approved Budget|Approved-Budget-2025.pdf|
KIT2-BR-2025-347|2025|Revenue|Trading (Retail) chain stores and supermarkets|250000.0|2025 Approved Budget|Approved-Budget-2025.pdf|
KIT2-BR-2025-348|2025|Revenue|Manufacturing|125000.0|2025 Approved Budget|Approved-Budget-2025.pdf|
KIT2-BR-2025-349|2025|Revenue|Trading (Retail) Automobiles|166668.0|2025 Approved Budget|Approved-Budget-2025.pdf|
KIT2-BR-2025-350|2025|Revenue|Theatre's and cinematography|5000.0|2025 Approved Budget|Approved-Budget-2025.pdf|
KIT2-BR-2025-351|2025|Revenue|Filling Station|133336.0|2025 Approved Budget|Approved-Budget-2025.pdf|
KIT2-BR-2025-352|2025|Revenue|Professional Occupation|475038.0|2025 Approved Budget|Approved-Budget-2025.pdf|
KIT2-BR-2025-353|2025|Revenue|Scrap Metal Dealers|106668.0|2025 Approved Budget|Approved-Budget-2025.pdf|
KIT2-BR-2025-354|2025|Revenue|Hospitality|292500.0|2025 Approved Budget|Approved-Budget-2025.pdf|
KIT2-BR-2025-355|2025|Revenue|Commercial Banks|180000.0|2025 Approved Budget|Approved-Budget-2025.pdf|
KIT2-BR-2025-356|2025|Revenue|Health permits|4040000.0|2025 Approved Budget|Approved-Budget-2025.pdf|
KIT2-BR-2025-357|2025|Revenue|Burial permits and grave sites|6492508.0|2025 Approved Budget|Approved-Budget-2025.pdf|
KIT2-BR-2025-358|2025|Revenue|Fire certificate|4260600.0|2025 Approved Budget|Approved-Budget-2025.pdf|
KIT2-BR-2025-359|2025|Revenue|Extension of Business hours permits|6000.0|2025 Approved Budget|Approved-Budget-2025.pdf|
KIT2-BR-2025-360|2025|Revenue|Service Charges Residential plots|12195000.0|2025 Approved Budget|Approved-Budget-2025.pdf|
KIT2-BR-2025-361|2025|Revenue|Service Charges Industrial plots|21450000.0|2025 Approved Budget|Approved-Budget-2025.pdf|
KIT2-BR-2025-362|2025|Revenue|Lease Charges|30000.0|2025 Approved Budget|Approved-Budget-2025.pdf|
KIT2-BR-2025-363|2025|Revenue|Land Application Charges|125000.0|2025 Approved Budget|Approved-Budget-2025.pdf|
KIT2-BR-2025-364|2025|Revenue|Change of ownership|30000.0|2025 Approved Budget|Approved-Budget-2025.pdf|
KIT2-BR-2025-365|2025|Revenue|Donations|10000.0|2025 Approved Budget|Approved-Budget-2025.pdf|
KIT2-BR-2025-366|2025|Revenue|Other Income|2220000.0|2025 Approved Budget|Approved-Budget-2025.pdf|
KIT2-BR-2025-367|2025|Revenue|Constituency Development Fund|180290750.0|2025 Approved Budget|Approved-Budget-2025.pdf|
KIT2-BR-2025-368|2025|Revenue|Roads Grant|3200857.0|2025 Approved Budget|Approved-Budget-2025.pdf|
KIT2-BR-2025-369|2025|Revenue|Health Grant|13136429.0|2025 Approved Budget|Approved-Budget-2025.pdf|
KIT2-BR-2025-370|2025|Revenue|Local Government Equalisation Fund|24000000.0|2025 Approved Budget|Approved-Budget-2025.pdf|
KIT2-BR-2025-371|2025|Revenue|Other Grants|52707601.0|2025 Approved Budget|Approved-Budget-2025.pdf|
