record_id,record_type,council_name,province,fiscal_year,period,category,line_item,budget_zmw,actual_zmw,source_document,source_table,source_page,scope,currency,ward_or_constituency,stakeholders
KIT-AFS-2018-001,annual_financial_statement,Kitwe City Council,Copperbelt,2018,FY2018,Receipts,Total Cash Receipts,,121715673.0,Cash receipts for FY2018,Kitwe-City-Council-2018-FS.pdf,Statement of Cash Receipts,11,ZMW,,Kitwe City Council
KIT-AFS-2018-002,annual_financial_statement,Kitwe City Council,Copperbelt,2018,FY2018,Payments,Total Payments,,115932159.0,Total payments for FY2018,Kitwe-City-Council-2018-FS.pdf,Statement of Cash Receipts,11,ZMW,,Kitwe City Council
KIT-AFS-2018-003,annual_financial_statement,Kitwe City Council,Copperbelt,2018,FY2018,Net,Increase/(Decrease) in Cash,,5783514.0,Net cash movement FY2018,Kitwe-City-Council-2018-FS.pdf,Statement of Cash Receipts,11,ZMW,,Kitwe City Council
KIT-AFS-2019-001,annual_financial_statement,Kitwe City Council,Copperbelt,2019,FY2019,Receipts,Total Cash Receipts,,135415812.0,Cash receipts for FY2019,Kitwe-City-Council-2019-FS.pdf,Statement of Cash Receipts,11,ZMW,,Kitwe City Council
KIT-AFS-2019-002,annual_financial_statement,Kitwe City Council,Copperbelt,2019,FY2019,Payments,Total Payments,,129989709.0,Total payments for FY2019,Kitwe-City-Council-2019-FS.pdf,Statement of Cash Receipts,11,ZMW,,Kitwe City Council
KIT-AFS-2019-003,annual_financial_statement,Kitwe City Council,Copperbelt,2019,FY2019,Net,Increase/(Decrease) in Cash,,5426103.0,Net cash movement FY2019,Kitwe-City-Council-2019-FS.pdf,Statement of Cash Receipts,11,ZMW,,Kitwe City Council
KIT-AFS-2020-001,annual_financial_statement,Kitwe City Council,Copperbelt,2020,FY2020,Receipts,Total Cash Receipts,,133288662.0,Cash receipts for FY2020,Kitwe-City-Council-2020-FS.pdf,Statement of Cash Receipts,12,ZMW,,Kitwe City Council
KIT-AFS-2020-002,annual_financial_statement,Kitwe City Council,Copperbelt,2020,FY2020,Payments,Total Payments,,123667113.0,Total payments for FY2020,Kitwe-City-Council-2020-FS.pdf,Statement of Cash Receipts,12,ZMW,,Kitwe City Council
KIT-AFS-2020-003,annual_financial_statement,Kitwe City Council,Copperbelt,2020,FY2020,Net,Increase/(Decrease) in Cash,,9621549.0,Net cash movement FY2020,Kitwe-City-Council-2020-FS.pdf,Statement of Cash Receipts,12,ZMW,,Kitwe City Council
KIT-AFS-2021-001,annual_financial_statement,Kitwe City Council,Copperbelt,2021,FY2021,Receipts,Total Cash Receipts,,158232505.0,Cash receipts for FY2021,Kitwe-City-Council-2021-FS.pdf,Statement of Cash Receipts,12,ZMW,,Kitwe City Council
KIT-AFS-2021-002,annual_financial_statement,Kitwe City Council,Copperbelt,2021,FY2021,Payments,Total Payments,,150048049.0,Total payments for FY2021,Kitwe-City-Council-2021-FS.pdf,Statement of Cash Receipts,12,ZMW,,Kitwe City Council
KIT-AFS-2021-003,annual_financial_statement,Kitwe City Council,Copperbelt,2021,FY2021,Net,Increase/(Decrease) in Cash,,8184457.0,Net cash movement FY2021,Kitwe-City-Council-2021-FS.pdf,Statement of Cash Receipts,12,ZMW,,Kitwe City Council
KIT-AFS-2022-001,annual_financial_statement,Kitwe City Council,Copperbelt,2022,FY2022,Receipts,Total Cash Receipts,,257476921.0,Cash receipts for FY2022,Kitwe-City-Council-2022-Financial-Statements.docx,Statement of Cash Receipts,11,ZMW,,Kitwe City Council
KIT-AFS-2022-002,annual_financial_statement,Kitwe City Council,Copperbelt,2022,FY2022,Payments,Total Payments,,189001826.0,Total payments for FY2022,Kitwe-City-Council-2022-Financial-Statements.docx,Statement of Cash Receipts,11,ZMW,,Kitwe City Council
KIT-AFS-2022-003,annual_financial_statement,Kitwe City Council,Copperbelt,2022,FY2022,Net,Increase/(Decrease) in Cash,,68475095.0,Net cash movement FY2022,Kitwe-City-Council-2022-Financial-Statements.docx,Statement of Cash Receipts,11,ZMW,,Kitwe City Council
KIT-AFS-2023-001,annual_financial_statement,Kitwe City Council,Copperbelt,2023,FY2023,Receipts,Total Cash Receipts,,328329974.0,Cash receipts for FY2023,Kitwe-C-C-2023-Financial-Statements-SIGNED.pdf,Statement of Cash Receipts,13,ZMW,,Kitwe City Council
KIT-AFS-2023-002,annual_financial_statement,Kitwe City Council,Copperbelt,2023,FY2023,Payments,Total Payments,,310921980.0,Total payments for FY2023,Kitwe-C-C-2023-Financial-Statements-SIGNED.pdf,Statement of Cash Receipts,13,ZMW,,Kitwe City Council
KIT-AFS-2023-003,annual_financial_statement,Kitwe City Council,Copperbelt,2023,FY2023,Net,Increase/(Decrease) in Cash,,17407994.0,Net cash movement FY2023,Kitwe-C-C-2023-Financial-Statements-SIGNED.pdf,Statement of Cash Receipts,13,ZMW,,Kitwe City Council
KIT-AFS-2024-001,annual_financial_statement,Kitwe City Council,Copperbelt,2024,FY2024,Receipts,Total Cash Receipts,,368140890.0,Cash receipts for FY2024,Kitwe-C-C-2024-Audited-financial-statements-final-071125.pdf,Statement of Cash Receipts,13,ZMW,,Kitwe City Council
KIT-AFS-2024-002,annual_financial_statement,Kitwe City Council,Copperbelt,2024,FY2024,Payments,Total Payments,,461956584.0,Total payments for FY2024,Kitwe-C-C-2024-Audited-financial-statements-final-071125.pdf,Statement of Cash Receipts,13,ZMW,,Kitwe City Council
KIT-AFS-2024-003,annual_financial_statement,Kitwe City Council,Copperbelt,2024,FY2024,Net,Increase/(Decrease) in Cash,,-93815694.0,Net cash movement FY2024 (deficit),Kitwe-C-C-2024-Audited-financial-statements-final-071125.pdf,Statement of Cash Receipts,13,ZMW,,Kitwe City Council
KIT-AFS-2024-004,annual_financial_statement,Kitwe City Council,Copperbelt,2024,FY2024,Balance,Cash at end of year,,28586495.0,Closing cash balance 2024,Kitwe-C-C-2024-Audited-financial-statements-final-071125.pdf,Statement of Cash Receipts,13,ZMW,,Kitwe City Council
KIT-REV-2018-LT-001,revenue_line_annual,Kitwe City Council,Copperbelt,2018,FY2018,Local Taxes,Residential Rates,,8398610.0,FY2018 residential rates,Kitwe-City-Council-2018-FS.pdf,Note 2,19,ZMW,,Kitwe City Council
KIT-REV-2018-LT-002,revenue_line_annual,Kitwe City Council,Copperbelt,2018,FY2018,Local Taxes,Industrial/Commercial Rates,,15704892.0,FY2018 industrial/commercial rates,Kitwe-City-Council-2018-FS.pdf,Note 2,19,ZMW,,Kitwe City Council
KIT-REV-2018-LT-003,revenue_line_annual,Kitwe City Council,Copperbelt,2018,FY2018,Local Taxes,Mining Rates,,10867813.0,FY2018 mining rates,Kitwe-City-Council-2018-FS.pdf,Note 2,19,ZMW,,Kitwe City Council
KIT-REV-2018-LT-004,revenue_line_annual,Kitwe City Council,Copperbelt,2018,FY2018,Local Taxes,Personal Levy,,215019.0,FY2018 personal levy,Kitwe-City-Council-2018-FS.pdf,Note 2,19,ZMW,,Kitwe City Council
KIT-REV-2019-LT-001,revenue_line_annual,Kitwe City Council,Copperbelt,2019,FY2019,Local Taxes,Residential Rates,,10159553.0,FY2019 residential rates,Kitwe-City-Council-2019-FS.pdf,Note 2,21,ZMW,,Kitwe City Council
KIT-REV-2019-LT-002,revenue_line_annual,Kitwe City Council,Copperbelt,2019,FY2019,Local Taxes,Industrial/Commercial Rates,,18853520.0,FY2019 industrial/commercial rates,Kitwe-City-Council-2019-FS.pdf,Note 2,21,ZMW,,Kitwe City Council
KIT-REV-2019-LT-003,revenue_line_annual,Kitwe City Council,Copperbelt,2019,FY2019,Local Taxes,Mining Rates,,9830402.0,FY2019 mining rates,Kitwe-City-Council-2019-FS.pdf,Note 2,21,ZMW,,Kitwe City Council
KIT-REV-2019-LT-004,revenue_line_annual,Kitwe City Council,Copperbelt,2019,FY2019,Local Taxes,Personal Levy,,165120.0,FY2019 personal levy,Kitwe-City-Council-2019-FS.pdf,Note 2,21,ZMW,,Kitwe City Council
KIT-REV-2020-LT-001,revenue_line_annual,Kitwe City Council,Copperbelt,2020,FY2020,Local Taxes,Residential Rates,,5770169.0,FY2020 residential rates,Kitwe-City-Council-2020-FS.pdf,Note 2,22,ZMW,,Kitwe City Council
KIT-REV-2020-LT-002,revenue_line_annual,Kitwe City Council,Copperbelt,2020,FY2020,Local Taxes,Industrial/Commercial Rates,,18899860.0,FY2020 industrial/commercial rates,Kitwe-City-Council-2020-FS.pdf,Note 2,22,ZMW,,Kitwe City Council
KIT-REV-2020-LT-003,revenue_line_annual,Kitwe City Council,Copperbelt,2020,FY2020,Local Taxes,Mining Rates,,12500949.0,FY2020 mining rates,Kitwe-City-Council-2020-FS.pdf,Note 2,22,ZMW,,Kitwe City Council
KIT-REV-2020-LT-004,revenue_line_annual,Kitwe City Council,Copperbelt,2020,FY2020,Local Taxes,Personal Levy,,159405.0,FY2020 personal levy,Kitwe-City-Council-2020-FS.pdf,Note 2,22,ZMW,,Kitwe City Council
KIT-REV-2021-LT-001,revenue_line_annual,Kitwe City Council,Copperbelt,2021,FY2021,Local Taxes,Residential Rates,,5679780.0,FY2021 residential rates,Kitwe-City-Council-2021-FS.pdf,Note 2,22,ZMW,,Kitwe City Council
KIT-REV-2021-LT-002,revenue_line_annual,Kitwe City Council,Copperbelt,2021,FY2021,Local Taxes,Industrial/Commercial Rates,,21488186.0,FY2021 industrial/commercial rates,Kitwe-City-Council-2021-FS.pdf,Note 2,22,ZMW,,Kitwe City Council
KIT-REV-2021-LT-003,revenue_line_annual,Kitwe City Council,Copperbelt,2021,FY2021,Local Taxes,Mining Rates,,22740486.0,FY2021 mining rates,Kitwe-City-Council-2021-FS.pdf,Note 2,22,ZMW,,Kitwe City Council
KIT-REV-2021-LT-004,revenue_line_annual,Kitwe City Council,Copperbelt,2021,FY2021,Local Taxes,Personal Levy,,124831.0,FY2021 personal levy,Kitwe-City-Council-2021-FS.pdf,Note 2,22,ZMW,,Kitwe City Council
KIT-REV-2022-LT-001,revenue_line_annual,Kitwe City Council,Copperbelt,2022,FY2022,Local Taxes,Residential Rates,,6155413.0,FY2022 residential rates,Kitwe-City-Council-2022-Financial-Statements.docx,Note 2,21,ZMW,,Kitwe City Council
KIT-REV-2022-LT-002,revenue_line_annual,Kitwe City Council,Copperbelt,2022,FY2022,Local Taxes,Industrial/Commercial Rates,,19357395.0,FY2022 industrial/commercial rates,Kitwe-City-Council-2022-Financial-Statements.docx,Note 2,21,ZMW,,Kitwe City Council
KIT-REV-2022-LT-003,revenue_line_annual,Kitwe City Council,Copperbelt,2022,FY2022,Local Taxes,Mining Rates,,31124492.0,FY2022 mining rates,Kitwe-City-Council-2022-Financial-Statements.docx,Note 2,21,ZMW,,Kitwe City Council
KIT-REV-2022-LT-004,revenue_line_annual,Kitwe City Council,Copperbelt,2022,FY2022,Local Taxes,Personal Levy,,126770.0,FY2022 personal levy,Kitwe-City-Council-2022-Financial-Statements.docx,Note 2,21,ZMW,,Kitwe City Council
KIT-REV-2023-LT-001,revenue_line_annual,Kitwe City Council,Copperbelt,2023,FY2023,Local Taxes,Residential Rates,,7506104.0,FY2023 residential rates,Kitwe-C-C-2023-Financial-Statements-SIGNED.pdf,Note 2,24,ZMW,,Kitwe City Council
KIT-REV-2023-LT-002,revenue_line_annual,Kitwe City Council,Copperbelt,2023,FY2023,Local Taxes,Industrial/Commercial Rates,,19032047.0,FY2023 industrial/commercial rates,Kitwe-C-C-2023-Financial-Statements-SIGNED.pdf,Note 2,24,ZMW,,Kitwe City Council
KIT-REV-2023-LT-003,revenue_line_annual,Kitwe City Council,Copperbelt,2023,FY2023,Local Taxes,Mining Rates,,76399799.0,FY2023 mining rates,Kitwe-C-C-2023-Financial-Statements-SIGNED.pdf,Note 2,24,ZMW,,Kitwe City Council
KIT-REV-2023-LT-004,revenue_line_annual,Kitwe City Council,Copperbelt,2023,FY2023,Local Taxes,Personal Levy,,170279.0,FY2023 personal levy,Kitwe-C-C-2023-Financial-Statements-SIGNED.pdf,Note 2,24,ZMW,,Kitwe City Council
KIT-REV-2024-LT-001,revenue_line_annual,Kitwe City Council,Copperbelt,2024,FY2024,Local Taxes,Residential Rates,,7462769.0,FY2024 residential rates,Kitwe-C-C-2024-Audited-financial-statements-final-071125.pdf,Note 2,25,ZMW,,Kitwe City Council
KIT-REV-2024-LT-002,revenue_line_annual,Kitwe City Council,Copperbelt,2024,FY2024,Local Taxes,Industrial/Commercial Rates,,24546043.0,FY2024 industrial/commercial rates,Kitwe-C-C-2024-Audited-financial-statements-final-071125.pdf,Note 2,25,ZMW,,Kitwe City Council
KIT-REV-2024-LT-003,revenue_line_annual,Kitwe City Council,Copperbelt,2024,FY2024,Local Taxes,Mining Rates,,186119095.0,FY2024 mining rates,Kitwe-C-C-2024-Audited-financial-statements-final-071125.pdf,Note 2,25,ZMW,,Kitwe City Council
KIT-REV-2024-LT-004,revenue_line_annual,Kitwe City Council,Copperbelt,2024,FY2024,Local Taxes,Personal Levy,,421093.0,FY2024 personal levy,Kitwe-C-C-2024-Audited-financial-statements-final-071125.pdf,Note 2,25,ZMW,,Kitwe City Council
KIT-REV-2023-FC-001,revenue_line_annual,Kitwe City Council,Copperbelt,2023,FY2023,Fees and Charges,Total Fees and Charges,,30706709.0,FY2023 total fees and charges,Kitwe-C-C-2023-Financial-Statements-SIGNED.pdf,Note 3,24,ZMW,,Kitwe City Council
KIT-REV-2023-FC-002,revenue_line_annual,Kitwe City Council,Copperbelt,2023,FY2023,Fees and Charges,Market Fees,,3882724.0,FY2023 market fees,Kitwe-C-C-2023-Financial-Statements-SIGNED.pdf,Note 3,24,ZMW,,Kitwe City Council
KIT-REV-2023-FC-003,revenue_line_annual,Kitwe City Council,Copperbelt,2023,FY2023,Fees and Charges,Bus Station Fees,,5702116.0,FY2023 bus station fees,Kitwe-C-C-2023-Financial-Statements-SIGNED.pdf,Note 3,24,ZMW,,Kitwe City Council
KIT-REV-2023-FC-004,revenue_line_annual,Kitwe City Council,Copperbelt,2023,FY2023,Fees and Charges,Grave Reservation,,4480070.0,FY2023 grave reservation fees,Kitwe-C-C-2023-Financial-Statements-SIGNED.pdf,Note 3,24,ZMW,,Kitwe City Council
KIT-REV-2023-FC-005,revenue_line_annual,Kitwe City Council,Copperbelt,2023,FY2023,Fees and Charges,Billboards and Banners,,1921981.0,FY2023 billboard fees,Kitwe-C-C-2023-Financial-Statements-SIGNED.pdf,Note 3,24,ZMW,,Kitwe City Council
KIT-REV-2023-LV-001,revenue_line_annual,Kitwe City Council,Copperbelt,2023,FY2023,Levies,Retail Levy,,6493459.0,FY2023 retail levy,Kitwe-C-C-2023-Financial-Statements-SIGNED.pdf,Note 5,27,ZMW,,Kitwe City Council
KIT-REV-2023-LV-002,revenue_line_annual,Kitwe City Council,Copperbelt,2023,FY2023,Levies,Petroleum Levy,,1040680.0,FY2023 petroleum levy,Kitwe-C-C-2023-Financial-Statements-SIGNED.pdf,Note 5,27,ZMW,,Kitwe City Council
KIT-REV-2023-PM-001,revenue_line_annual,Kitwe City Council,Copperbelt,2023,FY2023,Permits,Health Permit,,6554389.0,FY2023 health permits,Kitwe-C-C-2023-Financial-Statements-SIGNED.pdf,Note 6,28,ZMW,,Kitwe City Council
KIT-REV-2023-PM-002,revenue_line_annual,Kitwe City Council,Copperbelt,2023,FY2023,Permits,Fire Certificates,,3478794.0,FY2023 fire certificates,Kitwe-C-C-2023-Financial-Statements-SIGNED.pdf,Note 6,28,ZMW,,Kitwe City Council
KIT-REV-2024-LV-001,revenue_line_annual,Kitwe City Council,Copperbelt,2024,FY2024,Levies,Retail Levy,,10120090.0,FY2024 retail levy,Kitwe-C-C-2024-Audited-financial-statements-final-071125.pdf,Note 5,28,ZMW,,Kitwe City Council
KIT-REV-2024-LV-002,revenue_line_annual,Kitwe City Council,Copperbelt,2024,FY2024,Levies,Petroleum Levy,,1254140.0,FY2024 petroleum levy,Kitwe-C-C-2024-Audited-financial-statements-final-071125.pdf,Note 5,28,ZMW,,Kitwe City Council
KIT-REV-2024-PM-001,revenue_line_annual,Kitwe City Council,Copperbelt,2024,FY2024,Permits,Health Permit,,8732678.0,FY2024 health permits,Kitwe-C-C-2024-Audited-financial-statements-final-071125.pdf,Note 6,28,ZMW,,Kitwe City Council
KIT-REV-2024-PM-002,revenue_line_annual,Kitwe City Council,Copperbelt,2024,FY2024,Permits,Fire Certificates,,4872949.0,FY2024 fire certificates,Kitwe-C-C-2024-Audited-financial-statements-final-071125.pdf,Note 6,28,ZMW,,Kitwe City Council
KIT-REV-2024-PM-003,revenue_line_annual,Kitwe City Council,Copperbelt,2024,FY2024,Permits,Burial Permits,,4544058.0,FY2024 burial permits (new line item),Kitwe-C-C-2024-Audited-financial-statements-final-071125.pdf,Note 6,28,ZMW,,Kitwe City Council
KIT-EXP-2018-001,expenditure_line_annual,Kitwe City Council,Copperbelt,2018,FY2018,Personal Emoluments,Personal Emoluments,,66983271.0,FY2018 personal emoluments,Kitwe-City-Council-2018-FS.pdf,Note 13,24,ZMW,,Kitwe City Council
KIT-EXP-2018-002,expenditure_line_annual,Kitwe City Council,Copperbelt,2018,FY2018,Goods and Services,Use of Goods and Services,,28413727.0,FY2018 goods and services,Kitwe-City-Council-2018-FS.pdf,Note 14,26,ZMW,,Kitwe City Council
KIT-EXP-2019-001,expenditure_line_annual,Kitwe City Council,Copperbelt,2019,FY2019,Personal Emoluments,Personal Emoluments,,70268646.0,FY2019 personal emoluments,Kitwe-City-Council-2019-FS.pdf,Note 13,27,ZMW,,Kitwe City Council
KIT-EXP-2019-002,expenditure_line_annual,Kitwe City Council,Copperbelt,2019,FY2019,Goods and Services,Use of Goods and Services,,41715575.0,FY2019 goods and services,Kitwe-City-Council-2019-FS.pdf,Note 14,27,ZMW,,Kitwe City Council
KIT-EXP-2020-001,expenditure_line_annual,Kitwe City Council,Copperbelt,2020,FY2020,Personal Emoluments,Personal Emoluments,,65765139.0,FY2020 personal emoluments,Kitwe-City-Council-2020-FS.pdf,Note 13,27,ZMW,,Kitwe City Council
KIT-EXP-2020-002,expenditure_line_annual,Kitwe City Council,Copperbelt,2020,FY2020,Goods and Services,Use of Goods and Services,,31664071.0,FY2020 goods and services,Kitwe-City-Council-2020-FS.pdf,Note 14,28,ZMW,,Kitwe City Council
KIT-EXP-2021-001,expenditure_line_annual,Kitwe City Council,Copperbelt,2021,FY2021,Personal Emoluments,Personal Emoluments,,68821507.0,FY2021 personal emoluments,Kitwe-City-Council-2021-FS.pdf,Note 13,29,ZMW,,Kitwe City Council
KIT-EXP-2021-002,expenditure_line_annual,Kitwe City Council,Copperbelt,2021,FY2021,Goods and Services,Use of Goods and Services,,47278614.0,FY2021 goods and services,Kitwe-City-Council-2021-FS.pdf,Note 14,29,ZMW,,Kitwe City Council
KIT-EXP-2022-001,expenditure_line_annual,Kitwe City Council,Copperbelt,2022,FY2022,Personal Emoluments,Personal Emoluments,,84176732.0,FY2022 personal emoluments,Kitwe-City-Council-2022-Financial-Statements.docx,Note 13,30,ZMW,,Kitwe City Council
KIT-EXP-2022-002,expenditure_line_annual,Kitwe City Council,Copperbelt,2022,FY2022,Goods and Services,Use of Goods and Services,,75836968.0,FY2022 goods and services,Kitwe-City-Council-2022-Financial-Statements.docx,Note 14,30,ZMW,,Kitwe City Council
KIT-EXP-2022-003,expenditure_line_annual,Kitwe City Council,Copperbelt,2022,FY2022,Social Benefits,Social Benefits,,7262787.0,FY2022 social benefits,Kitwe-City-Council-2022-Financial-Statements.docx,Note 16,31,ZMW,,Kitwe City Council
KIT-EXP-2023-001,expenditure_line_annual,Kitwe City Council,Copperbelt,2023,FY2023,Personal Emoluments,Personal Emoluments,,93858577.0,FY2023 personal emoluments,Kitwe-C-C-2023-Financial-Statements-SIGNED.pdf,Note 13,35,ZMW,,Kitwe City Council
KIT-EXP-2023-002,expenditure_line_annual,Kitwe City Council,Copperbelt,2023,FY2023,Goods and Services,Use of Goods and Services,,115598020.0,FY2023 goods and services,Kitwe-C-C-2023-Financial-Statements-SIGNED.pdf,Note 14,36,ZMW,,Kitwe City Council
KIT-EXP-2023-003,expenditure_line_annual,Kitwe City Council,Copperbelt,2023,FY2023,Social Benefits,Social Benefits,,11972228.0,FY2023 social benefits,Kitwe-C-C-2023-Financial-Statements-SIGNED.pdf,Note 16,36,ZMW,,Kitwe City Council
KIT-EXP-2023-004,expenditure_line_annual,Kitwe City Council,Copperbelt,2023,FY2023,Personal Emoluments,Personal Emoluments,,,Kitwe-C-C-2023-Financial-Statements-SIGNED.pdf,,,,ZMW,,Kitwe City Council
KIT-REV-2025-Q2-001,revenue,Kitwe City Council,Copperbelt,2025,Q1-Q2,National Support,Local Government Equalisation Fund,155815243.4,46365890.38,Budget-Performance-Report-116-LAs.pdf,Table 13,25,Province-wide,ZMW,,Government of Zambia (Ministry of Finance / LGEF / CDF transfers)
KIT-REV-2025-Q2-002,revenue,Kitwe City Council,Copperbelt,2025,Q1-Q2,National Support,Grants In Lieu of Rates,2830000.0,842893.0,Budget-Performance-Report-116-LAs.pdf,Table 13,25,Province-wide,ZMW,,Government of Zambia (Ministry of Finance / LGEF / CDF transfers)
KIT-REV-2025-Q2-003,revenue,Kitwe City Council,Copperbelt,2025,Q1-Q2,National Support,Sector Grants,191272237.2,68024766.7,Budget-Performance-Report-116-LAs.pdf,Table 13,26,Province-wide,ZMW,,Government of Zambia (Ministry of Finance / LGEF / CDF transfers)
KIT-REV-2025-Q2-004,revenue,Kitwe City Council,Copperbelt,2025,Q1-Q2,National Support,ZDSP Capital Grants,41617000.0,0.0,Budget-Performance-Report-116-LAs.pdf,Table 13,26,Province-wide,ZMW,,Government of Zambia (Ministry of Finance / LGEF / CDF transfers)
KIT-REV-2025-Q2-005,revenue,Kitwe City Council,Copperbelt,2025,Q1-Q2,National Support,Constituency Development Fund,793279312.4,316107891.6,Budget-Performance-Report-116-LAs.pdf,Table 13,26,Province-wide,ZMW,,Government of Zambia (Ministry of Finance / LGEF / CDF transfers)
KIT-REV-2025-Q2-006,revenue,Kitwe City Council,Copperbelt,2025,Q1-Q2,National Support,Other Grants,168485474.1,77201337.0,Budget-Performance-Report-116-LAs.pdf,Table 13,26,Province-wide,ZMW,,Government of Zambia (Ministry of Finance / LGEF / CDF transfers)
KIT-REV-2025-Q2-007,revenue,Kitwe City Council,Copperbelt,2025,Q1-Q2,National Support,Sub-total,1353299267.0,508542778.7,Budget-Performance-Report-116-LAs.pdf,Table 13,26,Province-wide,ZMW,,Government of Zambia (Ministry of Finance / LGEF / CDF transfers)
KIT-REV-2025-Q2-008,revenue,Kitwe City Council,Copperbelt,2025,Q1-Q2,Own Source Revenue,Local Taxes,653833442.8,276111868.1,Budget-Performance-Report-116-LAs.pdf,Table 13,26,Province-wide,ZMW,,Kitwe City Council
KIT-REV-2025-Q2-009,revenue,Kitwe City Council,Copperbelt,2025,Q1-Q2,Own Source Revenue,Fee & Charges,258862630.7,92272566.78,Budget-Performance-Report-116-LAs.pdf,Table 13,26,Province-wide,ZMW,,Kitwe City Council
KIT-REV-2025-Q2-010,revenue,Kitwe City Council,Copperbelt,2025,Q1-Q2,Own Source Revenue,Licences,11587531.1,4405511.29,Budget-Performance-Report-116-LAs.pdf,Table 13,26,Province-wide,ZMW,,Kitwe City Council
KIT-REV-2025-Q2-011,revenue,Kitwe City Council,Copperbelt,2025,Q1-Q2,Own Source Revenue,Levies,38046983.0,15758193.88,Budget-Performance-Report-116-LAs.pdf,Table 13,26,Province-wide,ZMW,,Kitwe City Council
KIT-REV-2025-Q2-012,revenue,Kitwe City Council,Copperbelt,2025,Q1-Q2,Own Source Revenue,Permits,45837544.0,18476132.39,Budget-Performance-Report-116-LAs.pdf,Table 13,26,Province-wide,ZMW,,Kitwe City Council
KIT-REV-2025-Q2-013,revenue,Kitwe City Council,Copperbelt,2025,Q1-Q2,Own Source Revenue,Commercial ventures,414778.0,96983.0,Budget-Performance-Report-116-LAs.pdf,Table 13,26,Province-wide,ZMW,,Kitwe City Council
KIT-REV-2025-Q2-014,revenue,Kitwe City Council,Copperbelt,2025,Q1-Q2,Own Source Revenue,Others OSR,3139824.0,2590519.13,Budget-Performance-Report-116-LAs.pdf,Table 13,26,Province-wide,ZMW,,Kitwe City Council
KIT-REV-2025-Q2-015,revenue,Kitwe City Council,Copperbelt,2025,Q1-Q2,Own Source Revenue,Sub-total,1011722734.0,409711774.6,Budget-Performance-Report-116-LAs.pdf,Table 13,26,Province-wide,ZMW,,Kitwe City Council
KIT-REV-2025-Q2-016,revenue,Kitwe City Council,Copperbelt,2025,Q1-Q2,Other Revenue,Bank interest received,0.0,88159.0,Budget-Performance-Report-116-LAs.pdf,Table 13,26,Province-wide,ZMW,,Kitwe City Council
KIT-REV-2025-Q2-017,revenue,Kitwe City Council,Copperbelt,2025,Q1-Q2,Other Revenue,Borrowings - Loans,0.0,0.0,Budget-Performance-Report-116-LAs.pdf,Table 13,26,Province-wide,ZMW,,Kitwe City Council
KIT-REV-2025-Q2-018,revenue,Kitwe City Council,Copperbelt,2025,Q1-Q2,Other Revenue,Borrowings - Overdraft,0.0,0.0,Budget-Performance-Report-116-LAs.pdf,Table 13,26,Province-wide,ZMW,,Kitwe City Council
KIT-REV-2025-Q2-019,revenue,Kitwe City Council,Copperbelt,2025,Q1-Q2,Other Revenue,Others,15000.0,6084239.35,Budget-Performance-Report-116-LAs.pdf,Table 13,26,Province-wide,ZMW,,Kitwe City Council
KIT-REV-2025-Q2-020,revenue,Kitwe City Council,Copperbelt,2025,Q1-Q2,Other Revenue,Sub-total,15000.0,6172398.35,Budget-Performance-Report-116-LAs.pdf,Table 13,26,Province-wide,ZMW,,Kitwe City Council
KIT-REV-2025-Q2-021,revenue,Kitwe City Council,Copperbelt,2025,Q1-Q2,Total,Total,2365037001.0,924426951.6,Budget-Performance-Report-116-LAs.pdf,Table 13,26,Province-wide,ZMW,,Kitwe City Council
KIT-REV-2025-Q2-022,revenue,Kitwe City Council,Copperbelt,2025,Q1-Q2,Total,Carry over funds,0.0,202460220.0,Budget-Performance-Report-116-LAs.pdf,Table 13,26,Province-wide,ZMW,,Kitwe City Council
KIT-REV-2025-Q2-023,revenue,Kitwe City Council,Copperbelt,2025,Q1-Q2,Total,Grand total (incl. carryover),0.0,1126887172.0,Budget-Performance-Report-116-LAs.pdf,Table 13,26,Province-wide,ZMW,,Kitwe City Council
KIT-EXP-2025-Q2-001,expenditure,Kitwe City Council,Copperbelt,2025,Q1-Q2,Personal emoluments,,578896606.9,271093002.4,Budget-Performance-Report-116-LAs.pdf,Table 14,27,Province-wide,ZMW,,Kitwe City Council
KIT-EXP-2025-Q2-002,expenditure,Kitwe City Council,Copperbelt,2025,Q1-Q2,Use of goods and services,,574627335.6,315526395.5,Budget-Performance-Report-116-LAs.pdf,Table 14,27,Province-wide,ZMW,,Kitwe City Council
KIT-EXP-2025-Q2-003,expenditure,Kitwe City Council,Copperbelt,2025,Q1-Q2,Financial charges,,0.0,0.0,Budget-Performance-Report-116-LAs.pdf,Table 14,27,Province-wide,ZMW,,Kitwe City Council
KIT-EXP-2025-Q2-004,expenditure,Kitwe City Council,Copperbelt,2025,Q1-Q2,Social benefits,,311502781.4,139424116.9,Budget-Performance-Report-116-LAs.pdf,Table 14,27,Province-wide,ZMW,,Kitwe City Council
KIT-EXP-2025-Q2-005,expenditure,Kitwe City Council,Copperbelt,2025,Q1-Q2,Non-financial assets,,451746362.2,180789852.3,Budget-Performance-Report-116-LAs.pdf,Table 14,27,Province-wide,ZMW,,Kitwe City Council
KIT-EXP-2025-Q2-006,expenditure,Kitwe City Council,Copperbelt,2025,Q1-Q2,Financial assets,,342210361.6,38076631.04,Budget-Performance-Report-116-LAs.pdf,Table 14,27,Province-wide,ZMW,,Kitwe City Council
KIT-EXP-2025-Q2-007,expenditure,Kitwe City Council,Copperbelt,2025,Q1-Q2,Loan repayments,,7473871.0,0.0,Budget-Performance-Report-116-LAs.pdf,Table 14,27,Province-wide,ZMW,,Kitwe City Council
KIT-EXP-2025-Q2-008,expenditure,Kitwe City Council,Copperbelt,2025,Q1-Q2,Other repayments,,88579681.48,25965785.57,Budget-Performance-Report-116-LAs.pdf,Table 14,27,Province-wide,ZMW,,Kitwe City Council
KIT-EXP-2025-Q2-009,expenditure,Kitwe City Council,Copperbelt,2025,Q1-Q2,Total payments,,2365037000.0,970875783.6,Budget-Performance-Report-116-LAs.pdf,Table 14,27,Province-wide,ZMW,,Kitwe City Council
KIT-EXP-2025-Q2-010,expenditure,Kitwe City Council,Copperbelt,2025,Q1-Q2,Net Budget Performance,,0.42,156011388.0,Table 14,27,Province-wide,10/09/2026,ZMW,,Kitwe City Council
KIT-DEBT-2025-001,debt_arrears,Kitwe City Council,Copperbelt,2025,Q1-Q2,PE's,,,,Budget-Performance-Report-116-LAs.pdf,Table 23,40,National (consolidated),ZMW,,Kitwe City Council Staff
KIT-DEBT-2025-002,debt_arrears,Kitwe City Council,Copperbelt,2025,Q1-Q2,ZAMTEL,,,,Budget-Performance-Report-116-LAs.pdf,Table 23,40,National (consolidated),ZMW,,ZAMTEL
KIT-DEBT-2025-003,debt_arrears,Kitwe City Council,Copperbelt,2025,Q1-Q2,ZESCO,,,,Budget-Performance-Report-116-LAs.pdf,Table 23,40,National (consolidated),ZMW,,ZESCO
KIT-DEBT-2025-004,debt_arrears,Kitwe City Council,Copperbelt,2025,Q1-Q2,Water,,,,Budget-Performance-Report-116-LAs.pdf,Table 23,40,National (consolidated),ZMW,,Nkana Water and Sewerage Company
KIT-DEBT-2025-005,debt_arrears,Kitwe City Council,Copperbelt,2025,Q1-Q2,Legal Costs,,,,Budget-Performance-Report-116-LAs.pdf,Table 23,40,National (consolidated),ZMW,,Legal Service Providers
KIT-DEBT-2025-006,debt_arrears,Kitwe City Council,Copperbelt,2025,Q1-Q2,NAPSA Arrears,,,,Budget-Performance-Report-116-LAs.pdf,Table 23,40,National (consolidated),ZMW,,National Pension Scheme Authority (NAPSA)
KIT-DEBT-2025-007,debt_arrears,Kitwe City Council,Copperbelt,2025,Q1-Q2,NAPSA Arrears - Penalties,,,,Budget-Performance-Report-116-LAs.pdf,Table 23,40,National (consolidated),ZMW,,National Pension Scheme Authority (NAPSA)
KIT-DEBT-2025-008,debt_arrears,Kitwe City Council,Copperbelt,2025,Q1-Q2,LASF Arrears,,,,Budget-Performance-Report-116-LAs.pdf,Table 23,40,National (consolidated),ZMW,,Local Authorities Superannuation Fund (LASF)
KIT-DEBT-2025-009,debt_arrears,Kitwe City Council,Copperbelt,2025,Q1-Q2,LASF Arrears - Penalties,,,,Budget-Performance-Report-116-LAs.pdf,Table 23,40,National (consolidated),ZMW,,Local Authorities Superannuation Fund (LASF)
KIT-DEBT-2025-010,debt_arrears,Kitwe City Council,Copperbelt,2025,Q1-Q2,Other Pension Arrears,,,,Budget-Performance-Report-116-LAs.pdf,Table 23,40,National (consolidated),ZMW,,Other Pension Fund
KIT-DEBT-2025-011,debt_arrears,Kitwe City Council,Copperbelt,2025,Q1-Q2,Other Pension Arrears - Penalties,,,,Budget-Performance-Report-116-LAs.pdf,Table 23,40,National (consolidated),ZMW,,Other Pension Fund
KIT-DEBT-2025-012,debt_arrears,Kitwe City Council,Copperbelt,2025,Q1-Q2,ZRA PAYE,,,,Budget-Performance-Report-116-LAs.pdf,Table 23,40,National (consolidated),ZMW,,Zambia Revenue Authority (ZRA)
KIT-DEBT-2025-013,debt_arrears,Kitwe City Council,Copperbelt,2025,Q1-Q2,ZRA - Penalties,,,,Budget-Performance-Report-116-LAs.pdf,Table 23,40,National (consolidated),ZMW,,Zambia Revenue Authority (ZRA)
KIT-AUD-2022-001,audit_query,Kitwe City Council,Copperbelt,2022,FY2022,ICT Systems,Lack of Alternative Power Supply and Lack of Uninterrupted Power Supply for KCC ICT Equipment in the Server Room,,,SUMMARY-OF-ACTION-TAKEN-REPORT.pdf,,203,Council-specific,ZMW,,Office of the Auditor General
KIT-LOC-2023-001,local_revenue,Kitwe City Council,Copperbelt,2023,FY2023,Local Taxes,Residential Rates,,7506104.0,From audited 2023 financial statements,Kitwe Financial Statements 2023,Note 2,24,ZMW,,Kitwe City Council
KIT-LOC-2023-002,local_revenue,Kitwe City Council,Copperbelt,2023,FY2023,Local Taxes,Industrial/Commercial Rates,,19032047.0,From audited 2023 financial statements,Kitwe Financial Statements 2023,Note 2,24,ZMW,,Kitwe City Council
KIT-LOC-2023-003,local_revenue,Kitwe City Council,Copperbelt,2023,FY2023,Local Taxes,Mining Rates,,76399799.0,From audited 2023 financial statements,Kitwe Financial Statements 2023,Note 2,24,ZMW,,Kitwe City Council
KIT-LOC-2023-004,local_revenue,Kitwe City Council,Copperbelt,2023,FY2023,Local Taxes,Personal Levy,,170279.0,From audited 2023 financial statements,Kitwe Financial Statements 2023,Note 2,24,ZMW,,Kitwe City Council
KIT-LOC-2023-005,local_revenue,Kitwe City Council,Copperbelt,2023,FY2023,Local Taxes,TOTAL Local Taxes,,103108229.0,From audited 2023 financial statements,Kitwe Financial Statements 2023,Note 2,24,ZMW,,Kitwe City Council
KIT-LOC-2023-006,local_revenue,Kitwe City Council,Copperbelt,2023,FY2023,Fees and Charges,TOTAL Fees and Charges,,30706709.0,From audited 2023 financial statements,Kitwe Financial Statements 2023,Note 3,24,ZMW,,Kitwe City Council
KIT-CDF-2026-001,cdf_project,Kitwe City Council,Copperbelt,2026,Jan-26,Completion Works,Completion of wall fence at Kamatipa Combined School,,,Contract signed 19 Jan 2026; Chimwemwe Constituency,KCC CDF Signing Jan 2026,,,ZMW,,Kamatipa Combined School
KIT-CDF-2026-002,cdf_project,Kitwe City Council,Copperbelt,2026,Jan-26,Sanitation,Construction of ablution block in Kawama,,,Contract signed 19 Jan 2026; Chimwemwe Constituency,KCC CDF Signing Jan 2026,,,ZMW,,Kawama
KIT-CDF-2026-003,cdf_project,Kitwe City Council,Copperbelt,2026,Jan-26,Security,Construction of police post in Chimwemwe East,,,Contract signed 19 Jan 2026; Chimwemwe Constituency,KCC CDF Signing Jan 2026,,,ZMW,,Chimwemwe East
KIT-CDF-2026-004,cdf_project,Kitwe City Council,Copperbelt,2026,Jan-26,Markets,Construction of Chamboli Market shelters tables and boundary wall,,,Contract signed 19 Jan 2026; Wusakile Constituency,KCC CDF Signing Jan 2026,,,ZMW,,Construction of Chamboli Market shelters tables and boundary wall
KIT-CDF-2026-005,cdf_project,Kitwe City Council,Copperbelt,2026,Jan-26,Street Lighting,Installation of 28 solar street lights (Nationalist) and 17 (Kalemba Drive Parklands Ward),,,Contract signed 19 Jan 2026; Nkana Constituency,KCC CDF Signing Jan 2026,,,ZMW,Kalemba Drive Parklands Ward,Installation of 28 solar street lights (Nationalist) and 17 (Kalemba Drive Parklands Ward)
KIT-CDF-2026-006,cdf_project,Kitwe City Council,Copperbelt,2026,Jan-26,Street Lighting,Installation of 14 solar street lights in Richmond area,,,Contract signed 19 Jan 2026; Nkana Constituency,KCC CDF Signing Jan 2026,,,ZMW,,Richmond
KIT-CDF-2026-007,cdf_project,Kitwe City Council,Copperbelt,2026,Jan-26,Infrastructure,Construction of bridge connecting Mukuba University and Zambia Compound,,,Contract signed 19 Jan 2026; Chimwemwe Constituency,KCC CDF Signing Jan 2026,,,ZMW,,Construction of bridge connecting Mukuba University and Zambia Compound
KIT-CDF-2026-008,cdf_project,Kitwe City Council,Copperbelt,2026,Jan-26,Sanitation,Construction of Sopelo Market ablution block,,,Contract signed 19 Jan 2026; Chimwemwe Constituency,KCC CDF Signing Jan 2026,,,ZMW,,Construction of Sopelo Market ablution block
KIT-CDF-2026-009,cdf_project,Kitwe City Council,Copperbelt,2026,Jan-26,Street Lighting,Installation of 32 solar street lights from Petroda via Buchi Hall to Joseph Musonda Stadium and ZESCO Pylon,,,Contract signed 19 Jan 2026; Nkana Constituency,KCC CDF Signing Jan 2026,,,ZMW,,Installation of 32 solar street lights from Petroda via Buchi Hall to Joseph Musonda Stadium and ZESCO Pylon
KIT-CDF-2026-010,cdf_project,Kitwe City Council,Copperbelt,2026,Jan-26,Sanitation,Construction of ablution block in Chimwemwe Constituency,,,Contract signed 19 Jan 2026,KCC CDF Signing Jan 2026,,,ZMW,Chimwemwe Constituency,Chimwemwe Constituency
KIT-CDF-2026-011,cdf_project,Kitwe City Council,Copperbelt,2026,Jan-26,Water Supply,Equipping of borehole with 10000L steel tank stand and 10000L poly tank at Miyombo Luto Ward,,,Contract signed 19 Jan 2026; Wusakile Constituency,KCC CDF Signing Jan 2026,,,ZMW,Miyombo Luto Ward,Miyombo Luto Ward
KIT-CDF-2026-012,cdf_project,Kitwe City Council,Copperbelt,2026,Jan-26,Rehabilitation,Rehabilitation of Garneton Local Court ablution block,,,Contract signed 19 Jan 2026; Chimwemwe Constituency,KCC CDF Signing Jan 2026,,,ZMW,,Rehabilitation of Garneton Local Court ablution block
KIT-CDF-2026-013,cdf_project,Kitwe City Council,Copperbelt,2026,Jan-26,Health,Rehabilitation of plumbing system at Mulenga Clinic,,,Contract signed 19 Jan 2026; Kamfinsa Constituency,KCC CDF Signing Jan 2026,,,ZMW,,Mulenga Clinic
KIT-CDF-2026-014,cdf_project,Kitwe City Council,Copperbelt,2026,Jan-26,Education,Rehabilitation of 1x7 classroom block at Kamatipa Combined School,,,Contract signed 19 Jan 2026; Chimwemwe Constituency,KCC CDF Signing Jan 2026,,,ZMW,,Kamatipa Combined School
KIT-CDF-2026-015,cdf_project,Kitwe City Council,Copperbelt,2026,Jan-26,Markets,Completion of market shelter at Kamatipa Market,,,Contract signed 19 Jan 2026; Chimwemwe Constituency,KCC CDF Signing Jan 2026,,,ZMW,,Kamatipa Market
KIT-CDF-2025-001,cdf_project,Kitwe City Council,Copperbelt,2025,2025,Markets,Construction of Chimpalampala Market Shelter,,,Mulenga Compound; Kamfinsa Constituency,KCC CDF Contracts 2025,,,ZMW,,Construction of Chimpalampala Market Shelter
KIT-CDF-2025-002,cdf_project,Kitwe City Council,Copperbelt,2025,2025,Infrastructure,Construction of Mwaiseni-Nkana East Footbridge,,,Kwacha Constituency,KCC CDF Contracts 2025,,,ZMW,,Construction of Mwaiseni-Nkana East Footbridge
KIT-CDF-2025-003,cdf_project,Kitwe City Council,Copperbelt,2025,2025,Water Supply,Equipping of 11 boreholes across all five constituencies,,,All 5 constituencies,KCC CDF Contracts 2025,,,ZMW,,Equipping of 11 boreholes across all five constituencies
KIT-CDF-2025-004,cdf_project,Kitwe City Council,Copperbelt,2025,2025,Education,Construction of wall fence at Wusakile Skills Centre,,,Wusakile Constituency,KCC CDF Contracts 2025,,,ZMW,,Wusakile Skills Centre
KIT-CDF-2025-005,cdf_project,Kitwe City Council,Copperbelt,2025,2025,Education,Delivery of school desks to various schools,,,Nkana Constituency,KCC CDF Contracts 2025,,,ZMW,,Delivery of school desks to various schools
KIT-CDF-2023-LOAN,cdf_project,Kitwe City Council,Copperbelt,2023,2023,Empowerment,K13177387 disbursed to 163 CDF loan beneficiaries across 5 constituencies,,,Loan disbursement,Kitwe Council News,,,ZMW,,K13177387 disbursed to 163 CDF loan beneficiaries across 5 constituencies
KIT-EMP-2025-001,empowerment_grant,Kitwe City Council,Copperbelt,2025,2025,CDF Empowerment,Wusakile Constituency Cooperatives (86 cooperatives K2465000),,,CDF Empowerment Grants 2025,KCC Empowerment Grants 2025,,,ZMW,Wusakile Constituency,Wusakile Constituency Cooperatives
KIT-EMP-2025-002,empowerment_grant,Kitwe City Council,Copperbelt,2025,2025,CDF Empowerment,Kamfinsa Constituency Cooperatives (113 cooperatives K2478090),,,CDF Empowerment Grants 2025,KCC Empowerment Grants 2025,,,ZMW,Kamfinsa Constituency,Kamfinsa Constituency Cooperatives
KIT-EMP-2025-003,empowerment_grant,Kitwe City Council,Copperbelt,2025,2025,CDF Empowerment,Chimwemwe Constituency Cooperatives (96 cooperatives K2478064),,,CDF Empowerment Grants 2025,KCC Empowerment Grants 2025,,,ZMW,Chimwemwe Constituency,Chimwemwe Constituency Cooperatives
KIT-EMP-2025-004,empowerment_grant,Kitwe City Council,Copperbelt,2025,2025,CDF Empowerment,Nkana Constituency Cooperatives (75 cooperatives K1806800),,,CDF Empowerment Grants 2025,KCC Empowerment Grants 2025,,,ZMW,Nkana Constituency,Nkana Constituency Cooperatives
